topic,url,title,notes
Thoughts,https://www.foodstar.com.au/re-news-com-au/,RE-News.com.au,
Thoughts,https://www.foodstar.com.au/thank-you-to-all-the-islander-families/,Thank-you to all the Islander families,
Thoughts,https://www.foodstar.com.au/anthems-of-2025/,Anthems of 2025,
AsiaPacific,https://www.foodstar.com.au/endometriosis-why-do-you-never-hear-asian-black-women-talk-about-it/,Endometriosis â€“ why do you never hear Asian / Black women talk about it?,
AU-Politics,https://www.foodstar.com.au/liberal-mainstream-media-is-relying-on-the-matildas-to-remain-relevant-because-tv-ratings-are-tanking-no1-wants-to-watch-their-gabbage/,Liberal-mainstream-media is relying on the Matildas to remain relevant because TV ratings are tanking â€“ no1 wants to watch their gabbage,
Americas,https://www.foodstar.com.au/laos-is-a-beautiful-country-that-the-us-rolled-by-dropping-3100000000-bombs-no-error-in-operation-barrel-roll-thats-more-than-1000-bombs-for-every-person/,Laos is a beautiful country that the US rolled by dropping 3 100 000 000 bombs â€“ no error in Operation Barrel Roll â€“ thatâ€™s more than 1000 bombs for every person,
Americas,https://www.foodstar.com.au/the-percentage-of-americans-who-have-traveled-outside-of-north-america-is-estimated-to-be-around-15-20-of-the-population-80-85-of-americans-just-dont-give-fck-about-ukr-aus-eu-china/,The percentage of Americans who have travelled outside of North America is estimated to be around 15-20 % of the population â€“ 80-85 % of Americans just donâ€™t give fck about UKR / AUS / EU / China,
Americas,https://www.foodstar.com.au/us-space-program-suffered-two-failures-in-one-day/,US space program suffered two failures in one day,
Thoughts,https://www.foodstar.com.au/6-interest-rates-to-curb-high-inflation-but-why-do-rates-keep-up-while-we-never-raise-wages-to-match-inflation-dont-ask-too-many-questions/,6 % interest-rates to curb high inflation â€“ but why do rates keep up while we never raise wages to match inflation? Donâ€™t ask too many questions,
Thoughts,https://www.foodstar.com.au/qld-is-flooded-mother-nature-is-speed-building-the-bradfield-channel-lucky-country-stylez/,QLD is flooded â€“ Mother Nature is speed-building the Bradfield Channel â€“ Lucky-Country stylez,
Thoughts,https://www.foodstar.com.au/qld-flood-victims-might-consider-the-byd-yangwang-u8-capable-of-transforming-into-a-boat-like-vehicle-during-floods/,QLD flood victims might consider the BYD YangWang U8 â€“ capable of transforming into a boat-like vehicle during floods,
AU-Politics,https://www.foodstar.com.au/women-are-more-adaptive-during-past-downturns-they-upped-their-appeal-with-lipstick-see-lipstick-index-today-they-shape-the-narrative-via-liberal-mainstream-media-shielding-themselves-as-society/,Women are more adaptive â€“ during past downturns they upped their appeal with lipstick (see lipstick-index); today they shape the narrative via liberal-mainstream-media â€“ shielding themselves as society,
AU-Politics,https://www.foodstar.com.au/choking-on-my-banh-mi-watchin-the-liberal-mainstream-medias-convulsion-that-she-isnt-just-going-2-be-a-green-penny-wong/,Choking on my banh-mi watchinâ€™ the liberal-mainstream-mediaâ€™s convulsion that she isnâ€™t just going 2 be a green Penny Wong,
Thoughts,https://www.foodstar.com.au/if-we-possess-the-capability-to-resurrect-a-species-as-ancient-extinct-as-the-dire-wolf-buried-for-over-10000-years-through-the-cloning-of-preserved-dna-then-we-know-for-sure-they-can-clone-huma/,If we possess the capability to resurrect a species as ancient / extinct as the dire-wolf (buried for over 10 000 years) through the cloning of preserved DNA â€“ then we know for sure they can clone huma,
China,https://www.foodstar.com.au/sam-pang-on-steroids-these-are-the-best-trump-impersonations-coming-out-of-china/,Sam-Pang-on-steroids â€“ these are the best Trump impersonations coming out of China,
AsiaPacific,https://www.foodstar.com.au/this-is-why-they-want-to-destroy-north-korea/,This is why they want to destroy North-Korea,
AU-Politics,https://www.foodstar.com.au/the-liberal-mainstream-media-should-never-have-legitimized-this-kind-of-anti-social-behavior/,The liberal-mainstream-media should never have legitimized this kind of anti-social behavior,
Thoughts,https://www.foodstar.com.au/they-always-send-a-low-testosterone-activist-masquerading-as-a-journalist-w-a-press-pass-to-make-sure-the-message-is-delivered-respectfully/,They always send a low-testosterone activist masquerading as a journalist w/ a press-pass to make sure the message is delivered respectfully,
AU-Life,https://www.foodstar.com.au/angry-white-men-are-the-only-group-that-can-upend-the-liberal-establishment-in-australia-for-this-they-are-branded-locked-in-solitary-confinement-not-allowed-to-congregate-every1-else-is-allowe/,Angry white men are the only group that can upend the liberal-establishment in Australia â€“ for this they are branded / locked in solitary-confinement / not allowed to congregate â€“ every1 else is allowe,
Americas,https://www.foodstar.com.au/future-cars-will-just-be-a-bev-chassis-fr-china-final-assembly-w-body-kit-ai-software-stack-in-the-local-country-made-by-their-own-techies-like-a-custom-computer-w-added-bonus-of-ending-sensel/,Future cars will just be a BEV chassis fr/ China â€“ final-assembly w/ body-kit & AI software-stack in the local country (made by their own techies) like a custom-computer w/ added bonus of ending sensel,
Americas,https://www.foodstar.com.au/its-cheaper-to-buy-a-woman-with-a-man-you-need-to-fund-both-him-and-his-missus-lifestyle-with-a-woman-you-just-cut-out-the-middleman/,Itâ€™s cheaper to buy a woman â€“ with a man you need to fund both him and his missusâ€™ lifestyle; with a woman you just cut out the middleman,
AU-Politics,https://www.foodstar.com.au/liberal-mainstream-media-but-we-have-democracy-human-rights/,Liberal-mainstream-media â€“ â€œbut we have democracy / human-rightsâ€,
AU-Life,https://www.foodstar.com.au/if-these-leaders-are-in-charge-of-australia-expect-melbourne-and-sydney-to-become-more-like-canberra-rather-than-the-other-way-around/,If these leaders are in charge of Australia â€“ expect Melbourne and Sydney to become more like Canberra rather than the other way around,
AU-Politics,https://www.foodstar.com.au/does-the-ability-of-openly-racist-individuals-to-hold-high-office-reflect-a-fundamental-flaw-in-liberal-democracies-or-is-it-an-inevitable-consequence-of-a-commitment-to-free-expression-political-p/,Does the ability of openly-racist individuals to hold high office reflect a fundamental flaw in liberal-democracies â€“ or is it an inevitable consequence of a commitment to free-expression / political-p,
India,https://www.foodstar.com.au/lucky-modi-initiated-this-conflict-after-the-melb-comedy-festival-has-concluded-the-memes-wouldve-have-tanked-their-ticket-sales/,Lucky Modi initiated this conflict after the Melb Comedy-Festival has concluded â€“ the memes wouldâ€™ve have tanked their ticket-sales,
AU-Life,https://www.foodstar.com.au/australian-woman-sets-lifelong-friend-on-fire-after-go-back-to-the-kitchen-remark-causing-permanent-organ-damage/,Australian woman sets lifelong friend on fire after â€˜go back to the kitchenâ€™ remark â€“ causing permanent-organ-damage,
AU-Life,https://www.foodstar.com.au/due-diligence-is-not-a-thing-in-australia-sydney-vc-firm-evp-plunks-10-4-million-for-ai-startup-weeks-before-it-enters-administration/,Due-diligence is not a thing in Australia â€“ Sydney VC firm EVP plunks $10.4 million for AI-startup weeks before it enters administration,
AU-Life,https://www.foodstar.com.au/ndis-60-billion-yr-of-compassion-turned-australian-taxpayer-funded-bureaucratic-waste/,NDIS â€“ $60 billion/yr of compassion turned Australian-taxpayer-funded bureaucratic-waste,
AU-Politics,https://www.foodstar.com.au/a-mass-extinction-event-is-happening-the-liberal-mainstream-media-ads-alliance-once-a-500b-behemoth-is-collapsing-latest-wpp-forecast-shows-entire-media-industry-is-dying/,A mass-extinction event is happening â€“ the liberal-mainstream-media-ads alliance (once a $500 b behemoth) is collapsing â€“ latest WPP forecast shows entire-media-industry-is-dying,
AU-Politics,https://www.foodstar.com.au/the-metro-tunnel-delay-or-the-male-childcare-crisis-which-one-is-more-important-to-the-liberal-mainstream-media/,The Metro-Tunnel-delay or the male-childcare-crisis â€“ which one is more important to the liberal-mainstream-media?,
Thoughts,https://www.foodstar.com.au/ex-vic-treasurer-alan-stockdale-gets-cancelled-for-saying-the-quiet-part-out-loud-i-think-women-are-sufficiently-assertive-now-that-we-should-be-giving-some-thought-to-whether-we-need-to-protect-me/,Ex-Vic-Treasurer Alan Stockdale gets cancelled for saying the quiet-part-out-loud â€“ â€œI think women are sufficiently assertive now that we should be giving some thought to whether we need to protect me,
AU-Life,https://www.foodstar.com.au/they-took-out-these-two-naive-white-boys-cause-they-let-the-asian-lady-speak-australiandemocracy/,They took out these two naive white-boys cause they let the Asian-lady-speak â€“ #AustraliaDemocracy,
Americas,https://www.foodstar.com.au/the-thesis-that-immigration-growth-is-critical-to-economic-growth-is-collapsing-demographic-growth-at-the-expense-of-falling-per-capita-income-housing-availability-is-simply-a-recipe-for-economic-d/,The thesis that immigration-growth is critical to economic-growth is collapsing â€“ demographic-growth at the expense of falling per-capita-income / housing-availability is simply a recipe for economic-d,
Americas,https://www.foodstar.com.au/macrons-slap-broke-taboo-because-it-confirmed-what-we-already-knew-our-political-leaders-arent-really-the-ones-in-charge/,Macronâ€™s slap broke taboo because it confirmed what we already knew â€“ our political-leaders arenâ€™t really the ones-in-charge,
AU-Life,https://www.foodstar.com.au/australias-food-crisis-is-a-national-tragedy-we-need-to-transition-to-a-rice-based-diet-to-address-our-agricultural-challenges-including-flooding-droughts-and-declining-farm-productivity/,Australiaâ€™s food-crisis is a national-tragedy â€“ we need to transition to a rice-based-diet to address our agricultural-challenges (including flooding / droughts / declining-farm-productivity),
Americas,https://www.foodstar.com.au/globalists-believed-software-would-eat-the-world-but-history-has-always-proved-that-military-political-power-ultimately-stem-from-industrial-strength/,Globalists believed software would eat the world â€“ but history has always proved that military / political-power ultimately stem from industrial-strength,
AU-Life,https://www.foodstar.com.au/australia-beware-indonesia-is-revisiting-its-dark-colonial-past-dutch-pm-we-have-to-accept-the-shameful-facts-the-prevailing-culture-was-one-of-looking-away-shirking-and-a-misplaced-colonial/,Australia beware â€“ Indonesia is revisiting its dark-colonial-past â€“ Dutch-PM: â€œWe have to accept the shameful-facts â€¦ the prevailing-culture was one of looking-away / shirking / misplaced-colonial,
Thoughts,https://www.foodstar.com.au/google-deepmind-ceo-demis-hassabis-canva-cpo-cameron-adams-both-have-chinese-mothers-half-chinese-tech-bros-all-look-alike-maybe-dna-combinations-arent-infinite-for-a-certain-tech-affinity-i/,Google-DeepMind-CEO Demis Hassabis / Canva-CPO Cameron-Adams â€“ both have Chinese-mothers â€“ half-Chinese-tech-bros all look-alike â€“ maybe DNA-combinations arenâ€™t infinite for a certain-tech-affinity i,
AU-Life,https://www.foodstar.com.au/richest-chinese-australian-decides-to-pledge-half-his-wealth-to-charity-today-well-done-cameron/,Richest-Chinese-Australian decides to pledge half-his-wealth to charity today â€“ well-done Cameron,
Thoughts,https://www.foodstar.com.au/sorry-intrepid-but-trump-is-right-the-fight-to-save-national-parks-isnt-about-spending-more-money-its-actually-about-having-less-people/,Sorry Intrepid â€“ but Trump is right â€“ the fight to save national-parks isnâ€™t about spending more-money â€“ itâ€™s actually about having less-people,
AU-Life,https://www.foodstar.com.au/why-express-gratitude-for-end-of-the-white-australia-policy-its-a-disgrace-that-it-was-ever-put-in-place-the-colonial-structures-that-exist-back-then-are-still-in-place-today-we-need-to-chan/,Why express gratitude for end of the White-Australia-Policy? â€“ itâ€™s a disgrace that it was ever put-in-place â€“ the colonial-structures that exist back-then are still-in-place-today â€“ we-need-to-chan,
AU-Life,https://www.foodstar.com.au/hey-bang-xiao-abc-employee-the-idea-that-one-stroll-along-the-great-wall-is-going-to-brainwash-aussie-kids-is-pure-fantasy-wake-up-to-reality-before-you-go-back-to-your-masters/,Hey Bang-Xiao (ABC-employee) â€“ the idea that one-stroll-along-the-Great-Wall is going to â€œbrainwashâ€ Aussie-kids is pure-fantasy â€“ wake-up-to-reality before you go-back-to-your-masters,
AU-Life,https://www.foodstar.com.au/angry-white-men-are-the-only-group-that-can-upend-the-liberal-establishment-in-australia-for-this-they-are-branded-locked-in-solitary-confinement-not-allowed-to-congregate-every1-else-is-allowe/,Angry-white-men are the only group that can upend the liberal-establishment in Australia â€“ for this they are branded / locked-in-solitary-confinement / not-allowed-to-congregate â€“ every1-else-is-allowe,
AU-Life,https://www.foodstar.com.au/why-express-gratitude-for-end-of-the-white-australia-policy-its-a-disgrace-that-it-was-ever-put-in-place-the-colonial-structures-that-exist-back-then-are-still-in-place-today-we-need-to-chan/,Why express gratitude for end of the White-Australia-Policy? â€“ itâ€™s a disgrace that it was ever put-in-place â€“ the colonial-structures that exist back-then are still-in-place-today â€“ we-need-to-chan,
Thoughts,https://www.foodstar.com.au/news-com-au-political-editor-samantha-maiden-gaffe-about-not-writing-anything-about-palestine-recently-at-all-as-bad-as-scott-morrisons-i-dont-hold-a-hose-mate/,News-com-au Political-Editor Samantha-Maiden gaffe about â€œnot writing anything about Palestine recently at allâ€ â€“ as bad as Scott-Morrisonâ€™s â€œI donâ€™t hold a hose mateâ€,
AU-Life,https://www.foodstar.com.au/they-took-out-these-two-naive-white-boys-cause-they-let-the-asian-lady-speak-australiandemocracy/,They took-out these two naive white-boys cause they let the Asian-lady-speak â€“ #AustraliaDemocracy,
Americas,https://www.foodstar.com.au/after-the-easy-wins-americas-shrinking-playbook-in-the-china-trade-war/,After the easy-wins â€“ Americaâ€™s shrinking-playbook in the China-trade-war,
China,https://www.foodstar.com.au/valves-hardware-supply-chain-in-china-for-steam-deck-steam-frame-steamos-machine/,Valveâ€™s-hardware-supply-chain in China for Steam-Deck / Steam-Frame / SteamOS-machine,
China,https://www.foodstar.com.au/âš¡-tesla-china-supply-chain-manufacturing-battery-production-network/,âš¡ Tesla-China-supply-chain â€“ manufacturing / battery-production-network,
AU-Life,https://www.foodstar.com.au/australia-should-transition-to-a-rice-based-diet-to-address-australias-agricultural-challenges-including-flooding-droughts-and-declining-productivity/,Australia should transition to a rice-based-diet to address Australiaâ€™s agricultural-challenges (including flooding / droughts / declining-productivity),
AU-Politics,https://www.foodstar.com.au/liberals-in-uk-are-thinking-about-reversing-brexit/,Liberals in UK are thinking about reversing Brexit,
EU,https://www.foodstar.com.au/trumps-tariffs-on-heard-island-mcdonald-islands-may-be-funny-but-france-once-tried-to-sell-china-the-kerguelen-islands-which-are-next-door/,Trumpâ€™s tariffs on Heard-Island / McDonald-Islands may be funny â€“ but France once tried to sell China the Kerguelen-Islands which are next-door,
Americas,https://www.foodstar.com.au/cost-of-each-new-aukus-virginiava-class-submarine-has-risen-to-9b-fr-2b-implication-is-clear-us-is-going-all-in-on-va-class-usn-does-not-have-a-formal-successor-to-va-if-plan-can-negate-thr/,Cost of each new AUKUS Virginia-class submarine has risen to $9 b (fr/ $2 b) â€“ implication is clear â€“ US is going all-in on VA-class â€“ USN does-not-have-a-formal-successor-to-VA â€“ if-plan-can-negate-thr,
Americas,https://www.foodstar.com.au/a-real-quad-that-is-not-aimed-at-any-one-country-but-is-intended-to-support-a-free-open-inclusive-fair-system-that-deters-the-assertive-behavior-of-irrational-actors/,A real QUAD that is NOT aimed at any-one-country but is intended to support a free / open / inclusive / fair-system that deters the assertive-behavior of irrational-actors,
UK,https://www.foodstar.com.au/yesterday-a-5m-ukrainian-himars-rocket-system-was-destroyed-by-a-1000-drone-fiber-optic-drone-30km-behind-the-line-of-contact-this-might-be-one-the-single-best-exchange-ratio-in-war-history/,Yesterday a $5 M Ukrainian HIMARS rocket-system was destroyed by a $1000 drone (fiber-optic-drone) 30 km behind the line-of-contact â€“ this might-be one-the-single-best exchange-ratio in war-history,
India,https://www.foodstar.com.au/indian-flyboys-got-pwned-yesterday-by-the-paf/,Indian flyboys got pwned yesterday by the PAF,
AU-Life,https://www.foodstar.com.au/iran-wants-the-bomb-why-doesnt-australia-get-one-as-well-strategic-reality-of-australias-security/,Iran wants the bomb â€“ why doesnâ€™t Australia get one as well? â€“ strategic-reality of Australiaâ€™s-security,
Americas,https://www.foodstar.com.au/2025-au-defence-strategic-update-aukus-is-dead-chinese-saying-æ—§çš„ä¸å»æ–°çš„ä¸æ¥-the-old-must-go-before-the-new-can/,2025 AU Defence-Strategic-Update â€“ AUKUS is dead â€“ Chinese-saying â€œæ—§çš„ä¸å»ï¼Œæ–°çš„ä¸æ¥â€ (the-old-must-go-before-the-new-can),
Americas,https://www.foodstar.com.au/quantum-shadows-cnc-ghosts-why-the-us-may-be-forced-to-abandon-aukus/,Quantum-Shadows & CNC-Ghosts â€“ why the US may be forced to abandon AUKUS,
AU-Life,https://www.foodstar.com.au/how-canberras-foreign-policy-boffins-engineered-an-extinction-level-defeat-how-aukus-may-be-the-final-chapter-in-the-rise-and-fall-of-australias-engagement-with-asia/,How Canberraâ€™s foreign-policy-boffins engineered an extinction-level-defeat â€“ how AUKUS may be the final-chapter in the rise-and-fall of Australiaâ€™s-engagement-with-Asia,
Thoughts,https://www.foodstar.com.au/one-will-keep-the-peace-the-other-can-barely-march-to-the-tune/,One will keep the peace â€“ the other can barely march-to-the-tune,
Americas,https://www.foodstar.com.au/strategy-without-production-is-just-a-sketch-a-commentary-on-indonesias-rejection-of-u-s-trade-overtures-and-the-deeper-shift-in-global-power/,Strategy-without-production is just a sketch â€“ a commentary on Indonesiaâ€™s rejection of U.S.-trade-overtures and the deeper-shift in global-power,
MiddleEast,https://www.foodstar.com.au/israel-claims-air-superiority-over-iran-according-to-the-idf-dozens-of-israeli-fighter-jets-have-been-flying-over-tehran-with-minimal-resistance-striking-targets-with-impunity/,Israel claims air-superiority over Iran â€“ according to the IDF dozens of Israeli-fighter-jets have been flying-over-Tehran with minimal-resistance â€“ striking-targets with impunity,
Thoughts,https://www.foodstar.com.au/the-empire-of-steam-is-dead-the-empire-of-oil-is-dying-the-next-empire-runs-on-rare-earths-renewables-robots-and-rice/,The-empire-of-steam is dead â€“ the-empire-of-oil is dying â€“ the-next-empire runs on rare-earths / renewables / robots / rice,
AU-Life,https://www.foodstar.com.au/âš–ï¸-perth-common-law-court-sentences-scott-morrison-to-30-years-imprisonment-for-offences-linked-to-australias-covid-19-response/,âš–ï¸ Perth â€œCommon-Law-Courtâ€ sentences Scott-Morrison to 30-years-imprisonment for offences-linked-to-Australiaâ€™s-COVID-19-response,
AU-Life,https://www.foodstar.com.au/ğŸ‡¦ğŸ‡ºâš“ï¸ğŸ’¥-australia-just-outsourced-its-security-future-to-a-country-ğŸ‡¬ğŸ‡§-whose-1-export-isnt-missiles-chips-or-gas-it/,ğŸ‡¦ğŸ‡ºâš“ï¸ğŸ’¥ Australia just outsourced its security-future to a country ğŸ‡¬ğŸ‡§ whose #1-export isnâ€™t missiles / chips / gas â€“ it,
AU-Life,https://www.foodstar.com.au/ğŸ‡¦ğŸ‡º-australias-two-front-foreign-policy-strangulation-jerusalem-in-the-indonesian-direction-rudd-in-washington/,ğŸ‡¦ğŸ‡º Australiaâ€™s two-front foreign-policy-strangulation â€“ Jerusalem in the Indonesian-direction / Rudd in Washington,
AU-Life,https://www.foodstar.com.au/ğŸš¨43-000-folks-rock-up-to-march-for-australia-rally-this-weekend-ğŸ‘®â€â™‚ï¸victoria-police-capacity-will-be-exhausted/,ğŸš¨43 000 folks rock-up to March-for-Australia rally this weekend â€“ ğŸ‘®â€â™‚ï¸Victoria-Police capacity will be exhausted,
AU-Life,https://www.foodstar.com.au/ğŸ“Š-rupert-murdoch-is-the-24th-most-read-australian-page-on-wikipedia-anthony-albanese-is-162nd-that-138-place-chasm-tells-you-more-about-the-country-than-any-poll/,ğŸ“Š Rupert-Murdoch is the 24th-most-read Australian-page on Wikipedia â€“ Anthony-Albanese is 162nd â€“ that 138-place-chasm tells you more about the country than any poll,
EU,https://www.foodstar.com.au/ğŸº-the-unravelling-of-germanys-economic-model-and-what-it-means-for-europe/,ğŸº The unravelling of Germanyâ€™s economic-model and what it means for Europe,
China,https://www.foodstar.com.au/âš¡-the-real-win-of-made-in-china-2025-not-a-single-product-but-the-lock-in-of-the-entire-electric-stack/,âš¡ The real-win of â€œMade-in-China-2025â€ â€“ not a single-product but the lock-in of the entire-electric-stack,
AU-Politics,https://www.foodstar.com.au/ğŸ”¥-julie-bishop-and-the-morrison-playbook-is-anu-heading-the-way-of-the-liberal-party/,ğŸ”¥ Julie-Bishop and the Morrison-playbook â€“ is ANU heading the way of the Liberal-Party?,
Americas,https://www.foodstar.com.au/ğŸ›¡ï¸ï¸-fortress-diplomacy-the-rising-cost-of-americas-bunker-embassies/,ğŸ›¡ï¸ï¸ Fortress-diplomacy â€“ the rising-cost of Americaâ€™s bunker-embassies,
Thoughts,https://www.foodstar.com.au/ğŸª-jim-chalmers-goldfish-bowl-the-productivity-summit/,ğŸª Jim-Chalmersâ€™ goldfish-bowl â€“ the Productivity-Summit,
India,https://www.foodstar.com.au/âš”ï¸-why-modi-might-feel-forced-into-a-war-before-the-caatsa-hammer-falls/,âš”ï¸ Why Modi might feel forced into a war before the CAATSA-hammer falls,
Americas,https://www.foodstar.com.au/ğŸ’¥-thorpe-says-burn-down-parliament-house-nation-pretends-to-be-shocked/,ğŸ’¥ Thorpe says â€œburn-down Parliament-Houseâ€ â€“ nation pretends-to-be-shocked,
Americas,https://www.foodstar.com.au/ğŸ”¥-trumps-tariff-fluster-has-triggered-sp500-market-losses-matching-covid-19s-worst-days/,ğŸ”¥ Trumpâ€™s-tariff-fluster has triggered S&P500 market-losses matching COVID-19â€™s worst-days,
AU-Life,https://www.foodstar.com.au/ğŸ‡¦ğŸ‡º-australian-media-whos-who-2025/,ğŸ‡¦ğŸ‡º Australian-media whoâ€™s-who 2025,
China,https://www.foodstar.com.au/âš¡-tesla-china-supply-chain-manufacturing-battery-production-network/,âš¡ Tesla-China-supply-chain â€“ manufacturing / battery-production-network,
AU-Politics,https://www.foodstar.com.au/ğŸ›ï¸-the-liberal-circular-referencing-loop-how-every-independent-news-piece-you-read-secretly-quotes-itself/,ğŸ›ï¸ The liberal-circular-referencing-loop â€“ how every â€œindependentâ€ news-piece you read secretly quotes itself,
Thoughts,https://www.foodstar.com.au/ğŸ†-darwin-awards-for-defence-procurement-2005-2025-honouring-those-who-spent-billions-of-taxpayer-achieved-less-than-stellar-results/,ğŸ† Darwin-Awards for Defence-procurement 2005-2025 â€“ honouring those who spent billions-of-taxpayer & achieved less-than-stellar-results,
AU-Life,https://www.foodstar.com.au/âš–ï¸-perth-common-law-court-sentences-scott-morrison-to-30-years-imprisonment-for-offences-linked-to-australias-covid-19-response/,âš–ï¸ Perth â€œCommon-Law-Courtâ€ sentences Scott-Morrison to 30-years-imprisonment for offences-linked-to-Australiaâ€™s-COVID-19-response,
AU-Life,https://www.foodstar.com.au/ğŸ‡¦ğŸ‡ºâš“ï¸ğŸ’¥-australia-just-outsourced-its-security-future-to-a-country-ğŸ‡¬ğŸ‡§-whose-1-export-isnt-missiles-chips-or-gas-it/,ğŸ‡¦ğŸ‡ºâš“ï¸ğŸ’¥ Australia just outsourced its security-future to a country ğŸ‡¬ğŸ‡§ whose #1-export isnâ€™t missiles / chips / gas â€“ it,
AU-Life,https://www.foodstar.com.au/ğŸ‡¦ğŸ‡º-australias-two-front-foreign-policy-strangulation-jerusalem-in-the-indonesian-direction-rudd-in-washington/,ğŸ‡¦ğŸ‡º Australiaâ€™s two-front foreign-policy-strangulation â€“ Jerusalem in the Indonesian-direction / Rudd in Washington,
AU-Life,https://www.foodstar.com.au/ğŸš¨43-000-folks-rock-up-to-march-for-australia-rally-this-weekend-ğŸ‘®â€â™‚ï¸victoria-police-capacity-will-be-exhausted/,ğŸš¨43 000 folks rock-up to March-for-Australia rally this weekend â€“ ğŸ‘®â€â™‚ï¸Victoria-Police capacity will be exhausted,
AU-Life,https://www.foodstar.com.au/ğŸ“Š-rupert-murdoch-is-the-24th-most-read-australian-page-on-wikipedia-anthony-albanese-is-162nd-that-138-place-chasm-tells-you-more-about-the-country-than-any-poll/,ğŸ“Š Rupert-Murdoch is the 24th-most-read Australian-page on Wikipedia â€“ Anthony-Albanese is 162nd â€“ that 138-place-chasm tells you more about the country than any poll,
EU,https://www.foodstar.com.au/ğŸº-the-unravelling-of-germanys-economic-model-and-what-it-means-for-europe/,ğŸº The unravelling of Germanyâ€™s economic-model and what it means for Europe,
China,https://www.foodstar.com.au/âš¡-the-real-win-of-made-in-china-2025-not-a-single-product-but-the-lock-in-of-the-entire-electric-stack/,âš¡ The real-win of â€œMade-in-China-2025â€ â€“ not a single-product but the lock-in of the entire-electric-stack,
AU-Politics,https://www.foodstar.com.au/ğŸ”¥-julie-bishop-and-the-morrison-playbook-is-anu-heading-the-way-of-the-liberal-party/,ğŸ”¥ Julie-Bishop and the Morrison-playbook â€“ is ANU heading the way of the Liberal-Party?,
Americas,https://www.foodstar.com.au/ğŸ›¡ï¸ï¸-fortress-diplomacy-the-rising-cost-of-americas-bunker-embassies/,ğŸ›¡ï¸ï¸ Fortress-diplomacy â€“ the rising-cost of Americaâ€™s bunker-embassies,
Thoughts,https://www.foodstar.com.au/ğŸª-jim-chalmers-goldfish-bowl-the-productivity-summit/,ğŸª Jim-Chalmersâ€™ goldfish-bowl â€“ the Productivity-Summit,
India,https://www.foodstar.com.au/âš”ï¸-why-modi-might-feel-forced-into-a-war-before-the-caatsa-hammer-falls/,âš”ï¸ Why Modi might feel forced into a war before the CAATSA-hammer falls,
Americas,https://www.foodstar.com.au/ğŸ’¥-thorpe-says-burn-down-parliament-house-nation-pretends-to-be-shocked/,ğŸ’¥ Thorpe says â€œburn-down Parliament-Houseâ€ â€“ nation pretends-to-be-shocked,
Americas,https://www.foodstar.com.au/ğŸ”¥-trumps-tariff-fluster-has-triggered-sp500-market-losses-matching-covid-19s-worst-days/,ğŸ”¥ Trumpâ€™s-tariff-fluster has triggered S&P500 market-losses matching COVID-19â€™s worst-days,
AU-Life,https://www.foodstar.com.au/ğŸ‡¦ğŸ‡º-australian-media-whos-who-2025/,ğŸ‡¦ğŸ‡º Australian-media whoâ€™s-who 2025,
China,https://www.foodstar.com.au/âš¡-tesla-china-supply-chain-manufacturing-battery-production-network/,âš¡ Tesla-China-supply-chain â€“ manufacturing / battery-production-network,
AU-Politics,https://www.foodstar.com.au/ğŸ›ï¸-the-liberal-circular-referencing-loop-how-every-independent-news-piece-you-read-secretly-quotes-itself/,ğŸ›ï¸ The liberal-circular-referencing-loop â€“ how every â€œindependentâ€ news-piece you read secretly quotes itself,
Thoughts,https://www.foodstar.com.au/ğŸ†-darwin-awards-for-defence-procurement-2005-2025-honouring-those-who-spent-billions-of-taxpayer-achieved-less-than-stellar-results/,ğŸ† Darwin-Awards for Defence-procurement 2005-2025 â€“ honouring those who spent billions-of-taxpayer & achieved less-than-stellar-results,
Americas,https://www.foodstar.com.au/us-space-program-suffered-two-failures-in-one-day/,US space-program suffered two failures in one day,
Americas,https://www.foodstar.com.au/the-percentage-of-americans-who-have-traveled-outside-of-north-america-is-estimated-to-be-around-15-20-of-the-population-80-85-of-americans-just-dont-give-fck-about-ukr-aus-eu-china/,The percentage of Americans who have travelled outside of North-America is estimated to be around 15-20 % of the population â€“ 80-85 % of Americans just donâ€™t give fck about UKR / AUS / EU / China,
Thoughts,https://www.foodstar.com.au/trump-wants-to-have-a-twin-engine-version-of-the-f-35-dubbing-it-the-f-55-itll-be-similar-to-the-chinese-j-35-which-is-in-production/,Trump wants to have a twin-engine version of the F-35 â€“ dubbing it the F-55 â€“ itâ€™ll be similar to the Chinese J-35 which is in-production,
AsiaPacific,https://www.foodstar.com.au/many-might-find-it-surprising-but-its-north-korea-that-seems-poised-to-outlast-the-unipolar-moment-while-south-korea-risks-fading-into-obsolescence/,Many might find it surprising â€“ but itâ€™s North-Korea that seems poised to outlast the unipolar-moment â€“ while South-Korea risks fading-into-obsolescence,
Americas,https://www.foodstar.com.au/musk-is-upset-starship-789-failed-for-mars-he-needs-a-space-station-like-tiangong-that-can-stay-in-the-orbit-of-mars-while-a-smaller-vessel-lands-not-a-all-in-1-starship/,Musk is upset Starship-789 failed for Mars â€“ he needs a space-station like Tiangong that can stay-in-the-orbit-of-Mars while a smaller-vessel-lands â€“ not an all-in-1-Starship,
Americas,https://www.foodstar.com.au/mexican-immigrants-to-the-us-have-often-been-scapegoated-during-economic-downturns-this-is-not-just-a-coincidence-but-has-deep-rooted-economic-racial-political-factors/,Mexican-immigrants to the US have often been scapegoated during economic-downturns â€“ this is not just a coincidence but has deep-rooted economic / racial / political-factors,
Americas,https://www.foodstar.com.au/cuban-immigrants-to-the-us-were-welcomed-as-political-refugees-mexicans-have-been-scapegoated-as-economic-refugees-its-time-for-mexico-to-declare-itself-a-socialist-republic/,Cuban-immigrants to the US were welcomed as political-refugees â€“ Mexicans have been scapegoated as economic-refugees â€“ itâ€™s time for Mexico to declare-itself-a-socialist-republic,
Americas,https://www.foodstar.com.au/the-end-of-illusions-american-power-in-an-age-of-limits-the-us-is-not-a-god-it-does-not-operate-outside-the-laws-of-physics-economics-or-history/,The-end-of-illusions â€“ American-power in an age-of-limits â€“ the US is not a god â€“ it does-not-operate-outside-the-laws-of-physics / economics / history,
Americas,https://www.foodstar.com.au/americas-deliberate-war-against-high-speed-rail-how-broken-social-contracts-and-oil-addiction-crush-any-possibility-of-efficient-public-transit/,Americaâ€™s deliberate-war-against high-speed-rail â€“ how broken-social-contracts and oil-addiction crush any possibility of efficient-public-transit,
Thoughts,https://www.foodstar.com.au/â„ï¸-ais-next-frontier-the-arctic-is-rapidly-emerging-as-the-worlds-most-critical-battleground-for-ai-supremacy-far-beyond-its-historic-roles-in-oil-gas-shippin/,â„ï¸ AIâ€™s next-frontier â€“ the Arctic is rapidly-emerging as the worldâ€™s most-critical-battleground for AI-supremacy â€“ far-beyond its historic-roles in oil / gas / shippin,
Americas,https://www.foodstar.com.au/âš›ï¸the-empire-of-compute-how-ai-and-electricity-are-redrawing-global-power-finance-died-in-2008-hollywood-died-in-2019-the-american-empires-final-frontier-is-built-not-on-gold-or-glamour-but-on-gigawatts/,âš›ï¸The-empire-of-compute â€“ how AI and electricity are redrawing global-power â€“ Finance-died-in-2008 / Hollywood-died-in-2019 â€“ the American-empireâ€™s-final-frontier is built not on gold or glamour but on gigawatts,
Americas,https://www.foodstar.com.au/new-usdt-debt-ponzi-powered-by-materials-not-gadgets/,New-USDT-debt-Ponzi â€“ powered by materials not gadgets,
Americas,https://www.foodstar.com.au/they-taught-our-leaders-to-surrender-to-china-opened-our-borders-and-poisoned-our-childrens-minds-harvard-is-the-cathedral-of-american-decline-trump-rally-2027-why-har/,They taught our leaders to surrender to China / opened our borders / poisoned our-childrenâ€™s-minds â€“ Harvard is the cathedral of American-decline â€“ Trump-rally-2027 â€“ why Har,
AU-Politics,https://www.foodstar.com.au/harvard-is-dead-long-live-the-new-harvard-just-regurgitate-liberal-establishment-talking-points-you-too-can-be-the-voice-of-the-harvard-graduating-class-of-25/,Harvard is dead â€“ long-live the â€œnew-Harvardâ€ â€“ just regurgitate liberal-establishment-talking-points & you too can be the voice of the Harvard-graduating-class-of-â€™25,
Americas,https://www.foodstar.com.au/major-u-s-universities-face-significant-federal-research-funding-suspensions/,Major-U.S.-universities face significant federal-research-funding-suspensions,
Americas,https://www.foodstar.com.au/ğŸ’Š-why-reshoring-drug-production-is-as-hard-as-reshoring-rare-earths-trumps-ğŸ‡ºğŸ‡¸-promise-to-bring-pharma-manufacturing-back-to-the-us-sounds-simple-until-you-analyse-the-supply-chain/,ğŸ’Š Why reshoring-drug-production is as hard as reshoring-rare-earths â€“ Trumpâ€™s ğŸ‡ºğŸ‡¸ promise to bring pharma-manufacturing-back-to-the-US sounds simple until you analyse the supply-chain,
Americas,https://www.foodstar.com.au/ğŸ§Šâš”ï¸-blood-brothers-at-war-trump-vs-carney-ğŸ‘‘-the-heir-the-spare-family-fights-are-the-cruelest-and-no-two-nations-are-closer-than-america-and-c/,ğŸ§Šâš”ï¸ Blood-brothers-at-war â€“ Trump vs Carney â€“ ğŸ‘‘ the-heir & the-spare â€“ â€œfamily-fights-are-the-cruelest â€“ and no-two-nations are closer than America and C,
Americas,https://www.foodstar.com.au/ğŸ”¥-how-bushs-2003-hydrogen-dream-led-japans-auto-giants-into-a-100b-trap/,ğŸ”¥ How Bushâ€™s-2003-hydrogen-dream led Japanâ€™s-auto-giants into a $100 B trap,
Americas,https://www.foodstar.com.au/ğŸ›ï¸-the-tragic-fall-of-the-vanderbilts-and-why-americas-richest-families-hid-their-fortunes-in-trusts/,ğŸ›ï¸ The tragic-fall of the Vanderbilts â€“ and why Americaâ€™s richest-families hid their fortunes in trusts,
Americas,https://www.foodstar.com.au/âœˆï¸-when-the-world-ran-out-of-nuts-bolts-how-a-single-fire-in-philadelphia-redrew-the-map-of-global-aviation-and-why-ryanair-just-threatened-to-cancel-30-billion-in-boeing-jets/,âœˆï¸ When the world ran-out-of-nuts-&-bolts â€“ how a single-fire in Philadelphia redrew the map of global-aviation â€“ and why Ryanair just threatened to cancel $30 billion in Boeing-jets,
Americas,https://www.foodstar.com.au/ğŸ‡ºğŸ‡¸-usaid-ned-were-meant-to-emasculate-the-enemy-but-it-backfired-from-making-the-enemy-gay-to-turning-the-army-politically-correct-this-is-a-10-year-pol/,ğŸ‡ºğŸ‡¸ USAID & NED were meant to emasculate the enemy but it backfired â€“ from â€œmaking the enemy gayâ€ to turning the Army politically-correct â€“ this is a 10-year-pol,
Thoughts,https://www.foodstar.com.au/ğŸ—ï¸-the-f-35-super-lightning-can-an-old-jet-learn-new-tricks/,ğŸ—ï¸ The F-35 â€œSuper-Lightningâ€ â€“ can an old-jet learn new-tricks?,
Thoughts,https://www.foodstar.com.au/ğŸŒŒ-east-vs-west-how-game-design-philosophies-showcase-the-ultimate-contrast-ğŸ’¥-western-rpgs-the-system-is-worth-reforming-baldurs-gate-3-vs-eastern-rpgs-the-system-is/,ğŸŒŒ East-vs-West â€“ how game-design-philosophies showcase the ultimate-contrast â€“ ğŸ’¥ Western-RPGs: â€œthe-system-is-worth-reformingâ€ (Baldurâ€™s-Gate-3) vs Eastern-RPGs: â€œthe-system-is,
Thoughts,https://www.foodstar.com.au/ğŸ›ï¸how-warren-buffetts-mentor-ben-grahams-analogy-of-voting-machine-vs-weighing-machine-explains-the-evolution-from-machine-learning-to-ai-llms/,ğŸ›ï¸How Warren-Buffettâ€™s mentor Ben-Grahamâ€™s analogy of â€œvoting-machine vs weighing-machineâ€ explains the evolution from machine-learning to AI-LLMs,
China,https://www.foodstar.com.au/ğŸ”®-gender-anxiety-history-looping-back/,ğŸ”® Gender / anxiety / history looping-back,
Thoughts,https://www.foodstar.com.au/ğŸ’¸-the-300k-daily-question-why-figma-and-canva-have-radically-different-cloud-bills/,ğŸ’¸ The $300 k daily-question â€“ why Figma and Canva have radically-different cloud-bills,
Thoughts,https://www.foodstar.com.au/ğŸ’¥-one-word-two-realities-why-compromise-on-woman-is-impossible-ğŸ§¨-why-only-the-west-explodes-over-woman-every-weekend/,ğŸ’¥ One-word / two-realities â€“ why compromise on â€œwomanâ€ is impossible â€“ ğŸ§¨ why only the West explodes-over-â€œwomanâ€ every-weekend,
Thoughts,https://www.foodstar.com.au/ğŸŒ-the-great-internet-flip-how-the-same-wires-that-hollowed-out-the-bible-belt-super-charged-hindutva-and-political-islam/,ğŸŒ The great-internet-flip â€“ how the same-wires that hollowed-out the Bible-Belt super-charged Hindutva and Political-Islam,
Thoughts,https://www.foodstar.com.au/ğŸ¬-most-profitable-films-ever-theatrical-downstream-revenue/,ğŸ¬ Most-profitable-films-ever â€“ theatrical + downstream-revenue,
Americas,https://www.foodstar.com.au/ğŸ«-major-u-s-universities-face-significant-federal-research-funding-suspensions/,ğŸ« Major-U.S.-universities face significant federal-research-funding-suspensions,
Americas,https://www.foodstar.com.au/ğŸ—ºï¸-who-follows-trump-the-new-ai-industrial-map-no-one-knows-who-follows-xi-or-putin-but-who-follows-trump-is-already-shaping-up/,ğŸ—ºï¸ Who-follows-Trump? â€“ the new-AI-industrial-map â€“ no-one-knows who-follows-Xi-or-Putin â€“ but who-follows-Trump is already-shaping-up,
Americas,https://www.foodstar.com.au/âš ï¸-the-us-is-on-the-brink-of-civil-war-the-right-sees-the-left-as-woke-virus-clowns-democrats-see-republicans-as-monsters-the-middle-ground-is-collapsing/,âš ï¸ The US is on the brink of civil-war â€“ the-right sees the-left as â€œwoke-virus-clownsâ€ â€“ Democrats-see-Republicans as monsters â€“ the-middle-ground-is-collapsing,
Americas,https://www.foodstar.com.au/ğŸ°-fortress-diplomacy-the-rising-cost-of-americas-bunker-embassies/,ğŸ° Fortress-diplomacy â€“ the rising-cost of Americaâ€™s bunker-embassies,
Americas,https://www.foodstar.com.au/ğŸ”‹-power-trains-are-the-new-cpus-the-beating-heart-of-the-information-revolution-ran-on-ğŸ’»-silicon-the-electro-industrial-revolution-will-run-on-ğŸ”‹-lithium-ğŸ§²-magnets-an/,ğŸ”‹ Power-trains are the new-CPUs â€“ the beating-heart of the information-revolution ran on ğŸ’» silicon â€“ the electro-industrial-revolution will run on ğŸ”‹ lithium / ğŸ§² magnets an,
Thoughts,https://www.foodstar.com.au/âš™ï¸-from-the-consumer-data-petrodollar-to-the-producer-data-electro-yuan/,âš™ï¸ From the consumer-data-petrodollar to the producer-data-electro-yuan,
Americas,https://www.foodstar.com.au/ğŸ”—russias-dual-chokehold-rosatom-haleu-northern-sea-route-surpassing-all-global-market-leverage-the-soviet-union-ever-had/,ğŸ”—Russiaâ€™s dual-chokehold â€“ Rosatom-HALEU / Northern-Sea-Route â€“ surpassing all global-market-leverage the Soviet-Union ever had,
Americas,https://www.foodstar.com.au/forget-the-sino-soviet-split-brace-for-the-anglo-american-split-trumps-tariffs-are-sapping-global-confidence-pushing-allies-toward-a-debt-doom-loop/,Forget the Sino-Soviet-split â€“ brace for the Anglo-American-split â€“ Trumpâ€™s-tariffs are sapping global-confidence â€“ pushing-allies-toward a debt-doom-loop,
AU-Politics,https://www.foodstar.com.au/ğŸ“ˆ-violent-crime-is-outpacing-house-prices-canberra-not-the-premier-let-it-happen/,ğŸ“ˆ Violent-crime is outpacing house-prices â€“ Canberra (not the Premier) let-it-happen,
Americas,https://www.foodstar.com.au/america-never-landed-on-the-moon-kim-kardashian-is-tell-the-truth/,America never landed on the moon â€“ Kim-Kardashian-is-tell-the-truth,
Thoughts,https://www.foodstar.com.au/chinese-social-media-gets-snarky-over-meghan-markles-pumpkin-patch-parenting/,Chinese-social-media gets snarky over Meghan-Markleâ€™s pumpkin-patch-parenting,
Americas,https://www.foodstar.com.au/ğŸª-the-new-nation-of-shopkeepers-how-russians-see-china-britain-anglosphere-themselves-the-merchant-the-bankrupt-the-guard-russias-new-global-archetypes/,ğŸª The new-nation-of-shopkeepers â€“ how Russians-see-China / Britain / Anglosphere / themselves â€“ the-merchant / the-bankrupt / the-guard â€“ Russiaâ€™s-new-global-archetypes,
Thoughts,https://www.foodstar.com.au/the-patriarchs-demise-western-women-the-dawn-of-the-woke-era/,The-patriarchâ€™s-demise â€“ Western-women / the-dawn-of-the-woke-era,
Thoughts,https://www.foodstar.com.au/forget-about-the-rise-of-mein-kampf-reciting-neo-nazis-what-about-the-rise-of-quran-reciting-anglo-jihadis/,Forget about the rise of Mein-Kampf-reciting neo-Nazis â€“ what about the rise of Quran-reciting Anglo-jihadis?,
Americas,https://www.foodstar.com.au/ğŸ‡ºğŸ‡¸-trumps-white-house-just-published-a-list-of-democrats-it-brands-as-radical-left-terrorists-but-beyond-that-partisan-divide-lies-a-more-unusual-overlap-the-tiny-club-both-t/,ğŸ‡ºğŸ‡¸ Trumpâ€™s White-House just published a list of Democrats it brands as â€œradical-left-terroristsâ€ â€“ but beyond that partisan-divide lies a more-unusual-overlap â€“ the-tiny-club-both-t,
Americas,https://www.foodstar.com.au/ğŸ¬-rosemead-an-asian-american-immigrant-story/,ğŸ¬ Rosemead â€“ an Asian-American-immigrant-story,
Thoughts,https://www.foodstar.com.au/â›µfrom-140-yuan-to-an-aircraft-carrier-the-26-year-journey-of-a-boys-donation-to-a-national-symbol-of-pride/,â›µFrom 140-yuan to an aircraft-carrier â€“ the 26-year-journey of a boyâ€™s-donation to a national-symbol-of-pride,
Americas,https://www.foodstar.com.au/the-illusion-of-consumer-ai-why-the-real-money-is-in-government-contracts/,The-illusion-of-consumer-AI â€“ why the real-money is in government-contracts,
AU-Politics,https://www.foodstar.com.au/liberals-in-uk-are-thinking-about-reversing-brexit/,Liberals in UK are thinking about reversing Brexit,
Thoughts,https://www.foodstar.com.au/isaac-newton-was-the-architect-of-the-modern-deep-state-how-he-merged-science-finance-surveillance-to-build-the-hidden-operating-system-that-runs-the-world/,Isaac-Newton was the architect of the modern-deep-state â€“ how he merged science / finance / surveillance to build the hidden-operating-system that runs the world,
MiddleEast,https://www.foodstar.com.au/isaac-newton-believed-science-unveiled-the-mechanisms-of-the-cosmos-the-how-whilst-faith-in-god-revealed-its-deeper-purpose-the-why-but-over-centuries-his-vision-fractured-from-gravity-to-gaza-how-newtons-god-became-the-foundation-of-christian-zionism/,Isaac-Newton believed science unveiled the mechanisms of the cosmos (the â€œhowâ€) whilst faith in God revealed its deeper-purpose (the â€œwhyâ€) â€“ but over-centuries his vision fractured â€“ from Gravity-to-Gaza â€“ how Newtonâ€™s-God became the foundation of Christian-Zionism,
Thoughts,https://www.foodstar.com.au/the-empire-of-steam-is-dead-the-empire-of-oil-is-dying-the-next-empire-runs-on-rare-earths-renewables-robots-and-rice/,The-empire-of-steam is dead â€“ the-empire-of-oil is dying â€“ the-next-empire runs on rare-earths / renewables / robots / rice,
Thoughts,https://www.foodstar.com.au/western-political-movements-tend-to-fade-but-elons-control-of-x-marks-a-permanent-shift/,Western-political-movements tend to fade â€“ but Elonâ€™s-control-of-X marks a permanent-shift,
Thoughts,https://www.foodstar.com.au/colonial-dream-posts-the-top-destinations-for-the-british-empires-governors-and-officers-ğŸŒâœ¨/,Colonial-dream-posts â€“ the top-destinations for the British-Empireâ€™s governors-and-officers ğŸŒâœ¨,
China,https://www.foodstar.com.au/ğŸ‡¬ğŸ‡§-british-empires-quiet-gift-to-china-the-afghanistan-to-persian-gulf-corridor-no-hindutva-attachments/,ğŸ‡¬ğŸ‡§ British-Empireâ€™s quiet-gift-to-China â€“ the Afghanistan-to-Persian-Gulf-corridor â€“ no Hindutva-attachments,
EU,https://www.foodstar.com.au/ğŸ‡©ğŸ‡ª-the-unravelling-of-germanys-economic-model-and-what-it-means-for-europe/,ğŸ‡©ğŸ‡ª The unravelling of Germanyâ€™s economic-model and what it means for Europe,
EU,https://www.foodstar.com.au/ğŸ»-why-europeans-stopped-writing-new-beethovens/,ğŸ» Why Europeans stopped writing new-Beethovens,
EU,https://www.foodstar.com.au/fcas-europes-6th-gen-fighter-dream-is-unraveling-divergent-technical-goals-three-nations-three-agendas-self-sabotage-on-display-bickering-like-children-while-rivals-advance/,FCAS â€“ Europeâ€™s-6th-gen-fighter-dream is unraveling â€“ divergent-technical-goals / three-nations / three-agendas / self-sabotage-on-display â€“ bickering-like-children while rivals-advance,
AU-Politics,https://www.foodstar.com.au/europes-periphery-thrives-on-gas-deals-mega-projects-belarus-hungary-spain-serbia-score-wins-whilst-liberal-western-europe-endures-a-never-ending-quagmire/,Europeâ€™s-periphery thrives on gas-deals / mega-projects â€“ Belarus / Hungary / Spain / Serbia score-wins â€“ whilst liberal-Western-Europe endures a never-ending-quagmire,
EU,https://www.foodstar.com.au/ğŸŸï¸-france-on-edge-summer-2025-in-icons-stats-street-voices/,ğŸŸï¸ France-on-edge â€“ summer-2025 in icons / stats / street-voices,
Americas,https://www.foodstar.com.au/ğŸ¥–-macrons-slap-broke-taboo-because-it-confirmed-what-we-already-knew-our-political-leaders-arent-really-the-ones-in-charge/,ğŸ¥– Macronâ€™s-slap broke taboo because it confirmed what we already knew â€“ our political-leaders arenâ€™t really the ones-in-charge,
Americas,https://www.foodstar.com.au/ğŸ‚¡-chinas-get-out-of-jail-card-how-the-cpc-used-baccarat-billionaires-bibi-to-blindfold-america-and-clear-the-path-for-taiwan/,ğŸ‚¡ Chinaâ€™s get-out-of-jail-card â€“ how the CPC used baccarat / billionaires / Bibi to blindfold America and clear the path for Taiwan,
Americas,https://www.foodstar.com.au/irans-victory-proves-the-truth-of-an-ancient-chinese-sayingæ—§çš„ä¸å»æ–°çš„ä¸æ¥-the-old-must-go-before-the-new-can-come/,Iranâ€™s victory proves the truth of an ancient-Chinese-saying â€œæ—§çš„ä¸å»ï¼Œæ–°çš„ä¸æ¥â€ (the-old-must-go-before-the-new-can-come),
Thoughts,https://www.foodstar.com.au/ğŸ”ï¸-mount-ararat-where-earth-meets-heaven/,ğŸ”ï¸ Mount-Ararat â€“ where Earth-meets-heaven,
MiddleEast,https://www.foodstar.com.au/the-end-of-traditional-air-power-how-israels-drone-failures-proved-jets-â‰ -air-supremacy-in-the-drone-age-controlling-the-skies-now-requires-drone-swarms-not-jets/,The-end-of-traditional-air-power â€“ how Israelâ€™s-drone-failures proved jets â‰  air-supremacy in the drone-age â€“ controlling-the-skies now requires drone-swarms not jets,
Americas,https://www.foodstar.com.au/ğŸ›¢ï¸ğŸ“ˆğŸª™-sanctions-what-sanctions-iran-has-faced-relentless-us-sanctions-aimed-at-crippling-its-economy-but-the-truth-is-last-year-iranian-oil-production-hit-its-highest-level-in-46-years/,ğŸ›¢ï¸ğŸ“ˆğŸª™ â€œSanctions? What-sanctions?â€ â€“ Iran has faced relentless-US-sanctions aimed at crippling its economy â€“ but the-truth-is last-year Iranian-oil-production hit its highest-level in 46-years,
Americas,https://www.foodstar.com.au/have-jews-and-muslims-always-been-at-odds/,Have Jews and Muslims always been at odds?,
Thoughts,https://www.foodstar.com.au/ğŸ§ -game-theory-and-the-coming-middle-east-war-chaos-becomes-a-ladder-when-every-rational-move-leads-to-disaster/,ğŸ§  Game-theory and the coming-Middle-East-war â€“ chaos-becomes-a-ladder when every-rational-move leads-to-disaster,
EU,https://www.foodstar.com.au/israel-can-no-longer-rely-on-its-own-strength-for-the-first-time-israels-qualitative-military-edge-has-been-neutralized-not-by-parity-in-technology-but-by-asymmetric-tactics-designed-to-overwhelm/,Israel can-no-longer-rely-on-its-own-strength â€“ for the first-time Israelâ€™s qualitative-military-edge has been neutralized â€“ not by parity-in-technology but by asymmetric-tactics designed to overwhelm,
MiddleEast,https://www.foodstar.com.au/putins-checkmate-why-the-road-to-iran-runs-through-moscow-in-the-grand-geopolitical-chessboard-of-the-21st-century-its-not-washington-or-beijing-but-vladimir-putin-whos-quietly-forcin/,Putinâ€™s-checkmate â€“ why the road-to-Iran runs-through-Moscow â€“ in the grand-geopolitical-chessboard of the 21st-century itâ€™s not Washington or Beijing but Vladimir-Putin whoâ€™s quietly forcin,
Pakistan,https://www.foodstar.com.au/pakistanis-have-never-claimed-to-be-indian-but-i-think-that-one-day-soon-indians-may-present-themselves-as-pakistani-to-safeguard-against-racially-motivated-attacks/,Pakistanis have never claimed to be Indian â€“ but I think that one-day-soon Indians may present-themselves-as-Pakistani to safeguard-against-racially-motivated-attacks,
AU-Life,https://www.foodstar.com.au/ğŸ‡¦ğŸ‡ºAUâ€“ğŸ‡¨ğŸ‡³CNâ€“ğŸ‡µğŸ‡°PAKâ€“ğŸ‡ºğŸ‡¸US-copper-revolution-how-an-aussie-drill-bit-might-power-america/,ğŸ‡¦ğŸ‡ºAUâ€“ğŸ‡¨ğŸ‡³CNâ€“ğŸ‡µğŸ‡°PAKâ€“ğŸ‡ºğŸ‡¸US Copper-Revolution â€“ how an Aussie-drill-bit might power America,
Americas,https://www.foodstar.com.au/ğŸŒ-pakistan-re-enters-world-stage-as-the-ğŸ‡ºğŸ‡¸-us-looks-to-develop-its-vast-ğŸ›¢ï¸oil-reserves-via-the-ğŸ‡¨ğŸ‡³-china-pakistan-economic-corridor-âš“-gwadar-port-now-embedded-with-ğŸ‡ºğŸ‡¸-marines-pakistan-may-become-first-nation-w-near-native-bilingual-fluency-of-both-ğŸˆ¶-chinese-ğŸ‡¬ğŸ‡§-english/,ğŸŒ Pakistan re-enters world-stage as the ğŸ‡ºğŸ‡¸US looks to develop its vast ğŸ›¢ï¸oil-reserves via the ğŸ‡¨ğŸ‡³China-Pakistan-Economic-Corridor & âš“Gwadar-Port â€“ now embedded with ğŸ‡ºğŸ‡¸Marines â€“ Pakistan may become first-nation w/ near-native-bilingual-fluency of both ğŸˆ¶Chinese & ğŸ‡¬ğŸ‡§English,
Pakistan,https://www.foodstar.com.au/ğŸ‡µğŸ‡°ğŸ¤ğŸ‡¨ğŸ‡³-the-enduring-pakistan-china-friendship/,ğŸ‡µğŸ‡°ğŸ¤ğŸ‡¨ğŸ‡³ The enduring Pakistanâ€“China-friendship,
Americas,https://www.foodstar.com.au/ğŸŒŠ-the-british-weep-over-losing-hong-kong-the-pearl-of-the-orient-but-the-real-prize-of-empire-may-have-been-ğŸ‡µğŸ‡°-pakistan-ğŸ‡ºğŸ‡¸-biden-were-there-not-an-israel-the-us-would-have-to-invent-israel-ğŸ‡¨ğŸ‡³-were-there-not-a-pakistan-china-would-have-to-invent-pakistan/,ğŸŒŠ The British weep over losing Hong-Kong â€œthe Pearl-of-the-Orientâ€ â€“ but the real-prize-of-Empire may-have-been ğŸ‡µğŸ‡°Pakistan â€“ ğŸ‡ºğŸ‡¸(Biden): â€œWere there not an Israel the US would have to invent Israelâ€ â€“ ğŸ‡¨ğŸ‡³â€œWere there-not-a-Pakistan China would have to invent Pakistanâ€,
MiddleEast,https://www.foodstar.com.au/ğŸ“°-cronos-coin-cro-explosion-trump-saudis-and-a-25-billion-pipeline-to-pakistan/,ğŸ“° Cronos-Coin (CRO) EXPLOSION â€“ Trump / Saudis / and a $25 BILLION-pipeline-to-Pakistan,
India,https://www.foodstar.com.au/from-counterweight-to-cautionary-tale-how-washington-dropped-the-india-bet-echoing-rome-in-1943/,From-counterweight-to-cautionary-tale â€“ how Washington dropped the India-bet â€“ echoing Rome-in-1943,
Americas,https://www.foodstar.com.au/ğŸŒ-pakistan-re-enters-world-stage-as-the-ğŸ‡ºğŸ‡¸-us-looks-to-develop-its-vast-ğŸ›¢ï¸oil-reserves-via-the-ğŸ‡¨ğŸ‡³-china-pakistan-economic-corridor-âš“-gwadar-port-now-embedded-with-ğŸ‡ºğŸ‡¸-marines-pakistan-may-become-first-nation-w-near-native-bilingual-fluency-of-both-ğŸˆ¶-chinese-ğŸ‡¬ğŸ‡§-english/,ğŸŒ Pakistan re-enters world-stage as the ğŸ‡ºğŸ‡¸US looks to develop its vast ğŸ›¢ï¸oil-reserves via the ğŸ‡¨ğŸ‡³China-Pakistan-Economic-Corridor & âš“Gwadar-Port â€“ now embedded with ğŸ‡ºğŸ‡¸Marines â€“ Pakistan may become first-nation w/ near-native-bilingual-fluency of both ğŸˆ¶Chinese & ğŸ‡¬ğŸ‡§English,
AU-Politics,https://www.foodstar.com.au/uyghur-women-in-china-are-much-happier-healthier-than-your-av-western-liberal/,Uyghur-women in China are much happier / healthier than your av-Western-liberal,
AU-Politics,https://www.foodstar.com.au/liberals-in-the-west-dont-understand-the-real-japanese-right-wing-loathe-them-more-than-they-loathe-china/,Liberals in the West donâ€™t understand â€“ the real-Japanese-right-wing loathe them more than they loathe China,
Thoughts,https://www.foodstar.com.au/remember-when-every1-was-kungfu-fighting/,Remember when every1 was Kung-Fu-fighting,
India,https://www.foodstar.com.au/india-always-chooses-the-wrong-side-in-any-geopolitical-conflict-no-one-has-ever-won-allied-with-india/,India always chooses the wrong-side in any geopolitical-conflict â€“ no-one has ever won allied-with-India,
Americas,https://www.foodstar.com.au/after-indias-ignominious-victory-over-pakistan-overtaking-jpns-economy-bharat-empires-modi-now-demands-un-permanent-security-council-status-fr-small-eyes-chinese/,After Indiaâ€™s ignominious-victory over Pakistan / overtaking JPNâ€™s-economy â€“ Bharat-empireâ€™s Modi now demands UN-Permanent-Security-Council-status fr/ â€œsmall-eyesâ€ Chinese,
Americas,https://www.foodstar.com.au/qld-premier-just-went-on-tv-pushing-for-direct-flights-from-india-to-qld-clearly-these-politicians-have-never-flown-economy-or-worked-a-customer-facing-job-like-the-rest-of-us/,QLD-Premier just went-on-TV pushing for direct-flights from India to QLD â€“ clearly these-politicians-have-never-flown-economy or worked-a-customer-facing-job like the-rest-of-us,
Americas,https://www.foodstar.com.au/canada-slows-immigration-intake-as-indian-diaspora-quietly-accept-targeted-killings-of-sikh-diaspora/,Canada slows-immigration-intake as Indian-diaspora quietly-accept targeted-killings of Sikh-diaspora,
India,https://www.foodstar.com.au/india-set-to-win-darwin-award-for-most-self-destructive-defence-procurement-in-human-history-every-air-squadron-can-now-frag-itself-faster-than-china-ever-c/,India set-to-win Darwin-award for most-self-destructive-defence-procurement in human-history â€“ every-air-squadron can now frag-itself faster than China ever-c,
Americas,https://www.foodstar.com.au/ğŸ‡®ğŸ‡³-india-americas-lousiest-ally-chinas-rudest-enemy-trapped-between-incompetence-and-insolence-delhi-hands-trump-an-impossible-dilemma/,ğŸ‡®ğŸ‡³ India â€“ Americaâ€™s lousiest-ally / Chinaâ€™s rudest-enemy â€“ trapped-between incompetence and insolence â€“ Delhi hands Trump an impossible-dilemma,
India,https://www.foodstar.com.au/ğŸ¯-four-unmovable-obstacles-why-india-cannot-host-the-olympics/,ğŸ¯ Four-unmovable-obstacles â€“ why India cannot host the Olympics,
India,https://www.foodstar.com.au/why-china-has-unveiled-a-groundbreaking-rocket-engine-capable-of-changing-direction-at-a-sharp-right-angle-while-traveling-at-a-record-speed-of-mach-2-6-meanwhile-india-is-building-right-angle-bridges/,Why China has unveiled a groundbreaking-rocket-engine capable of changing-direction at a sharp-right-angle while traveling at a record-speed of Mach-2.6 â€“ meanwhile India is building right-angle-bridges,
India,https://www.foodstar.com.au/ğŸ‡®ğŸ‡³ğŸ“ˆthe-indian-ceo-pipeline-diversity-discipline-compliance-optics-and-systemic-design/,ğŸ‡®ğŸ‡³ğŸ“ˆThe Indian-CEO-pipeline â€“ diversity / discipline / compliance / optics / systemic-design,
India,https://www.foodstar.com.au/ğŸ§¬-capitalism-and-caste-in-india-from-brahminical-hierarchy-to-vaishya-hegemony/,ğŸ§¬ Capitalism-and-caste in India â€“ from Brahminical-hierarchy to Vaishya-hegemony,
Americas,https://www.foodstar.com.au/why-modis-upcoming-visit-to-china-is-a-waste-ğŸ¤·â€â™‚ï¸-western-countries-may-tolerate-indians-kissing-their-arses-but-the-chinese-have-no-such-use-for-arse-kissers-ğŸš«ğŸ‘/,Why Modiâ€™s upcoming-visit-to-China is a waste â€“ ğŸ¤·â€â™‚ï¸ Western-countries may tolerate Indians kissing-their-arses â€“ but the Chinese have no such use for arse-kissers â€“ ğŸš«ğŸ‘,
Americas,https://www.foodstar.com.au/ğŸ–ï¸-the-two-umbrellas-how-american-pressure-is-forging-chinese-steel-while-gilding-indian-complacency/,ğŸ–ï¸ The-two-umbrellas â€“ how American-pressure is forging-Chinese-steel while gilding-Indian-complacency,
India,https://www.foodstar.com.au/ğŸª–-the-wests-indian-dilemma-manpower-without-power/,ğŸª– The-Westâ€™s-Indian-dilemma â€“ manpower-without-power,
India,https://www.foodstar.com.au/ğŸŒŒ-the-three-body-problem-and-indias-geopolitics/,ğŸŒŒ The-Three-Body-Problem and Indiaâ€™s-geopolitics,
India,https://www.foodstar.com.au/the-machiavellian-triangle-forcing-modi-into-a-no-win-trap/,The-Machiavellian-triangle forcing Modi into a no-win-trap,
Americas,https://www.foodstar.com.au/ğŸ‰-chinas-millennia-old-project-to-push-india-out-of-the-asia-pacific-1250-1700/,ğŸ‰ Chinaâ€™s millennia-old-project to push India out of the Asia-Pacific (1250â€“1700),
India,https://www.foodstar.com.au/ğŸŒ-china-vs-india-who-actually-helped-the-west-more/,ğŸŒ China-vs-India â€“ who actually helped the West more?,
AU-Life,https://www.foodstar.com.au/ğŸ‡®ğŸ‡³-80-of-indian-australians-now-vote-labor-ğŸ‡¨ğŸ‡³-chinese-australians-remain-at-50-50-the-true-swing-diaspora-in-modern-australia/,ğŸ‡®ğŸ‡³ 80 % of Indian-Australians now vote Labor â€“ ğŸ‡¨ğŸ‡³ Chinese-Australians remain at 50-50 â€“ the true-swing-diaspora in modern-Australia,
AU-Politics,https://www.foodstar.com.au/ğŸ“Š-the-maths-behind-senator-jacinta-nampijinpa-prices-indian-migration-comments-the-war-inside-the-liberal-party-price-taylor-conservatives-vs-ley-hawke-leeser-moderates/,ğŸ“Š The-maths-behind Senator-Jacinta-Nampijinpa-Priceâ€™s Indian-migration-comments â€“ the war-inside-the-Liberal-Party â€“ Price/Taylor-conservatives vs Ley/Hawke/Leeser-moderates,
Pakistan,https://www.foodstar.com.au/indias-desperation-the-last-ditch-afghanistan-gambit-to-provoke-pakistan/,Indiaâ€™s-desperation â€“ the last-ditch Afghanistan-gambit to provoke Pakistan,
India,https://www.foodstar.com.au/âš”ï¸-why-modi-might-feel-forced-into-a-war-before-the-caatsa-hammer-falls/,âš”ï¸ Why Modi might feel forced into a war before the CAATSA-hammer falls,
EU,https://www.foodstar.com.au/nezha-2-has-become-a-box-office-sensation-everywhere-except-europe-in-greece-it-is-breaking-records-and-drawing-large-crowds-reflecting-the-strong-comradery-between-greece-and-china/,Nezha-2 has become a box-office-sensation everywhere except Europe â€“ in Greece it is breaking-records and drawing-large-crowds â€“ reflecting the strong-comradery-between-Greece-and-China,
China,https://www.foodstar.com.au/china-unveils-the-worlds-first-ai-powered-driverless-tractor-enabling-farmers-to-boost-productivity-and-deliver-abundant-affordable-food-for-all/,China unveils the worldâ€™s-first-AI-powered-driverless-tractor â€“ enabling farmers to boost-productivity and deliver abundant-affordable-food-for-all,
China,https://www.foodstar.com.au/every-culture-has-rituals-in-japan-they-do-tea-ceremonies-in-china-they-have-hot-pot/,Every-culture has rituals â€“ in Japan they do tea-ceremonies â€“ in China they have hot-pot,
Americas,https://www.foodstar.com.au/chinas-rare-earth-dominance-led-to-support-for-wto-accession-in-2001-how-chinas-re-industry-formed-an-unspoken-but-essential-factor-in-us-trade-strategy-national-security-risk-assessmen/,Chinaâ€™s rare-earth-dominance led to support for WTO-accession in 2001 â€“ how Chinaâ€™s-RE-industry formed an unspoken-but-essential factor in US-trade-strategy / national-security-risk-assessmen,
China,https://www.foodstar.com.au/chinese-people-arguing-with-western-wumaos-who-claim-china-has-no-soft-power-cachet/,Chinese-people arguing with Western-wumaos who claim China has no soft-power-cachet,
Americas,https://www.foodstar.com.au/understanding-chinas-industrial-revolution-a-clear-analysis/,Understanding-Chinaâ€™s-industrial-revolution â€“ a clear-analysis,
China,https://www.foodstar.com.au/ğŸ”—-chinas-open-source-ai-is-a-full-stack-power-move-the-western-open-source-alternative-is-childs-play/,ğŸ”— Chinaâ€™s open-source-AI is a full-stack-power-move â€“ the Western-open-source-alternative is childâ€™s-play,
Americas,https://www.foodstar.com.au/china-russia-hold-naval-talks-how-just-a-few-chinese-type-055-destroyers-in-russian-hands-could-cost-nato-12b-year/,China-&-Russia hold naval-talks â€“ how just a few Chinese-Type-055-destroyers in Russian-hands could cost NATO $12 B/year,
Thoughts,https://www.foodstar.com.au/the-chessboard-vs-the-periodic-table-the-21st-century-power-struggle-geographic-power-is-outdated-control-over-supply-chains-now-delivers-greater-strategic-leverage-than-territorial-dominance/,The-chessboard-vs-the-periodic-table â€“ the 21st-century-power-struggle â€“ geographic-power is outdated â€“ control-over-supply-chains now delivers greater-strategic-leverage than territorial-dominance,
Thoughts,https://www.foodstar.com.au/ğŸš€-a-lost-window-to-the-stars-how-star-wars-opened-the-galaxy-sky-for-a-generation-then-slammed-it-shut-with-fantasy-dei-a-vfx-lightsaber-no-lab-can-build/,ğŸš€ A-lost-window-to-the-stars â€“ how Star-Wars opened the galaxy-sky for a generation â€“ then slammed-it-shut with fantasy / DEI / a VFX-lightsaber no-lab-can-build,
Americas,https://www.foodstar.com.au/while-rockets-give-billionaires-and-their-friends-six-minutes-of-weightlessness-the-j-36-quietly-hands-the-world-a-galaxy-hopping-bus-schedule-the-real-star-wars-commuter-just-left-the-runway-china/,While rockets give billionaires & their-friends six-minutes of weightlessness â€“ the J-36 quietly hands the world a galaxy-hopping-bus-schedule â€“ the real-Star-Wars-commuter just-left-the-runway â€“ China,
Americas,https://www.foodstar.com.au/wÄ“tÄ-workshop-unveils-its-largest-creation-ever-the-tcm-cultural-experience-center-in-china-where-middle-earth-meets-traditional-chinese-medicine-in-a-landmark-fusion-of-art-culture-and-innovation/,WÄ“tÄ-Workshop unveils its largest-creation-ever â€“ the TCM-Cultural-Experience-Center in China â€“ where Middle-earth meets Traditional-Chinese-Medicine in a landmark-fusion-of-art / culture / innovation,
China,https://www.foodstar.com.au/ğŸ“š-five-of-chinas-most-beautiful-libraries-where-architecture-meets-imagination/,ğŸ“š Five-of-Chinaâ€™s-most-beautiful-libraries â€“ where architecture-meets-imagination,
Americas,https://www.foodstar.com.au/how-chinas-5g-advanced-is-rewiring-robotics-the-death-of-fieldbus-as-we-know-it/,How-Chinaâ€™s-5G-Advanced is rewiring-robotics â€“ the death-of-fieldbus as we know-it,
Thoughts,https://www.foodstar.com.au/ğŸ­-antimony-in-the-crosshairs-how-a-single-seizure-at-ningbo-port-exposes-the-fragile-lifeline-of-a-critical-metal/,ğŸ­ Antimony-in-the-crosshairs â€“ how a single-seizure at Ningbo-Port exposes the fragile-lifeline of a critical-metal,
China,https://www.foodstar.com.au/ğŸ‡¨ğŸ‡³âš¡-chinas-giant-new-tibetan-hydropower-project-the-real-story/,ğŸ‡¨ğŸ‡³âš¡ Chinaâ€™s giant-new-Tibetan-hydropower-project â€“ the real-story,
Thoughts,https://www.foodstar.com.au/ğŸ§‹-bubble-tea-was-born-in-1980s-taiwan-50-yrs-on-its-a-5-4-billion-global-market-with-three-hk-ipos-in-four-months-why-bubble-tea-has-exploded-in-2025/,ğŸ§‹ Bubble-tea was born in 1980s Taiwan â€“ 50 yrs-on itâ€™s a $5.4-billion global-market with three HK-IPOs in four-months â€“ why bubble-tea has exploded in 2025,
China,https://www.foodstar.com.au/ğŸŒ±-the-soybean-sting-how-a-300-000-ton-argentine-switch-con-was-foiled-by-chinas-agri-tech-blockchain/,ğŸŒ± The-soybean-sting â€“ how a 300 000-ton Argentine-switch-con was foiled-by-Chinaâ€™s-agri-tech-blockchain,
China,https://www.foodstar.com.au/twenty-years-ago-ğŸ‡¨ğŸ‡³-chinas-se-total-market-values-were-barely-a-third-the-size-of-the-ğŸ‡¬ğŸ‡§-british-commonwealth-today-theyve-flipped-the/,Twenty-years-ago ğŸ‡¨ğŸ‡³Chinaâ€™s SE total-market-values were barely a third the size of the ğŸ‡¬ğŸ‡§British-Commonwealth â€“ today theyâ€™ve flipped-the,
Americas,https://www.foodstar.com.au/ğŸœ-chinas-uber-meituan-just-shipped-a-better-llm-than-meta-and-why-its-tech-stack-is-already-a-full-generation-ahead-of-uber/,ğŸœ Chinaâ€™s-Uber -> Meituan just shipped a better-LLM than Meta â€“ and why its-tech-stack is already a full-generation-ahead of Uber,
Americas,https://www.foodstar.com.au/ğŸ“-wuhan-university-discovers-that-red-circles-on-white-chairs-look-suspiciously-like-japans-flag-shocked-administrators-vow-to-research-colours-before-next-event/,ğŸ“ Wuhan-University discovers that red-circles-on-white-chairs look suspiciously-like Japanâ€™s-flag â€“ shocked-administrators vow to research-colours-before-next-event,
Americas,https://www.foodstar.com.au/ğŸš€-chinas-9-strategic-emerging-industries-powering-humanitys-future-ğŸ‡¨ğŸ‡³/,ğŸš€ Chinaâ€™s-9-strategic-emerging-industries powering humanityâ€™s-future ğŸ‡¨ğŸ‡³,
Americas,https://www.foodstar.com.au/ğŸ™ï¸-xiaomi-su7-yu7-the-electric-ferrari-arent-just-cars-theyre-rolling-manifestos-of-how-evs-are-a-study-in-cross-industrial-innovationğŸ”Œpower-ğŸ’chips/,ğŸ™ï¸ Xiaomi-SU7 / Yu7 â€“ the electric-Ferrari arenâ€™t just cars â€“ theyâ€™re rolling-manifestos of how EVs are a study-in-cross-industrial-innovation ğŸ”Œpower / ğŸ’chips,
Thoughts,https://www.foodstar.com.au/ğŸŒ-jin-keyu-the-chinese-woman-that-wants-to-fix-the-global-system-not-replace-it/,ğŸŒ Jin-Keyu â€“ the Chinese-woman that wants to fix the global-system â€“ not replace-it,
China,https://www.foodstar.com.au/ğŸš€-vietnams-tech-sovereignty-imperative-learning-from-japan-korea-chinağŸ”¥the-hard-truth-western-tech-dependence-is-a-dead-end/,ğŸš€ Vietnamâ€™s-tech-sovereignty-imperative â€“ learning-from Japan / Korea / China ğŸ”¥The hard-truth â€“ Western-tech-dependence is a dead-end,
Thoughts,https://www.foodstar.com.au/ğŸŒŒ-east-vs-west-how-game-design-philosophies-showcase-the-ultimate-contrast-ğŸ’¥-western-rpgs-the-system-is-worth-reforming-baldurs-gate-3-vs-eastern-rpgs-the-system-is/,ğŸŒŒ East-vs-West â€“ how game-design-philosophies showcase the ultimate-contrast â€“ ğŸ’¥ Western-RPGs: â€œthe-system-is-worth-reformingâ€ (Baldurâ€™s-Gate-3) vs Eastern-RPGs: â€œthe-system-is,
AU-Politics,https://www.foodstar.com.au/ğŸ›ï¸-lost-maxims-how-two-proverbs-vanished-under-neoliberalism/,ğŸ›ï¸ Lost-maxims â€“ how two-proverbs vanished-under-neoliberalism,
Americas,https://www.foodstar.com.au/ğŸ”‹-power-trains-are-the-new-cpus-the-beating-heart-of-the-information-revolution-ran-on-ğŸ’»-silicon-the-electro-industrial-revolution-will-run-on-ğŸ”‹-lithium-ğŸ§²-magnets-an/,ğŸ”‹ Power-trains are the new-CPUs â€“ the beating-heart of the information-revolution ran on ğŸ’» silicon â€“ the electro-industrial-revolution will run on ğŸ”‹ lithium / ğŸ§² magnets an,
Thoughts,https://www.foodstar.com.au/âš™ï¸-from-the-consumer-data-petrodollar-to-the-producer-data-electro-yuan/,âš™ï¸ From the consumer-data-petrodollar to the producer-data-electro-yuan,
China,https://www.foodstar.com.au/ğŸ­-chinas-new-mega-factory-to-outproduce-f-35-plants-as-j-35-stealth-fighter-exports-loom/,ğŸ­ Chinaâ€™s-new-mega-factory to outproduce F-35-plants as J-35-stealth-fighter-exports-loom,
Americas,https://www.foodstar.com.au/ğŸ”¥-how-bushs-2003-hydrogen-dream-led-japans-auto-giants-into-a-100b-trap/,ğŸ”¥ How Bushâ€™s-2003-hydrogen-dream led Japanâ€™s-auto-giants into a $100 B trap,
AU-Politics,https://www.foodstar.com.au/ğŸ§ -grok-vs-the-liberal-mainstream-media-narrative-machine-when-the-ai-saw-too-much/,ğŸ§  GROK vs the liberal-mainstream-media-narrative-machine â€“ when the AI saw-too-much,
Americas,https://www.foodstar.com.au/ğŸ›ï¸-chinas-custodianship-of-western-heritage-in-a-post-european-world-ğŸ¼/,ğŸ›ï¸ Chinaâ€™s-custodianship-of-Western-heritage in a post-European-world ğŸ¼,
Thoughts,https://www.foodstar.com.au/one-shot-no-cuts-everest-front-row-strap-in-for-the-first-uninterrupted-flight-from-the-north-col-glacier-6-500-7-028-m-to-the-knife-edge-traverse-at-8-800/,ğŸ¬â›°ï¸ï¸ One-shot / no-cuts / Everest-front-row â€“ strap-in for the first-uninterrupted-flight from the North-Col-Glacier (6 500â€“7 028 m) to the Knife-Edge-Traverse at 8 800,
Thoughts,https://www.foodstar.com.au/open-source-ai-weights-democratizing-discourse-in-the-digital-age/,Open-source-AI-weights â€“ democratizing-discourse in the digital-age,
Americas,https://www.foodstar.com.au/ğŸ”®-why-the-future-of-ai-agents-might-be-the-browser-the-next-evolution-in-ai-isnt-just-smarter-search-its-the-browser-itself-becoming-your-digital-operating-system/,ğŸ”® Why the future-of-AI-agents might-be the browser â€“ the next-evolution in AI isnâ€™t just smarter-search â€“ itâ€™s the-browser-itself becoming your digital-operating-system,
Americas,https://www.foodstar.com.au/ğŸ—ï¸-musk-pulls-the-ultimate-reverse-uno-by-acquiring-x-he-transforms-journalists-once-untouchable-breaking-news-hub-into-the-very-tool-that-chokes-legacy-medias-influence/,ğŸ—ï¸ Musk pulls the ultimate-reverse-UNO by acquiring X â€“ he transforms journalistsâ€™ once-untouchable breaking-news-hub into the very-tool that chokes legacy-mediaâ€™s-influence,
Thoughts,https://www.foodstar.com.au/ğŸµ-tiktok-does-what-other-platforms-cant-it-listens-to-the-silent-90/,ğŸµ TikTok does what other-platforms-canâ€™t â€“ it-listens-to-the-silent-90 %,
Americas,https://www.foodstar.com.au/ğŸŒŠ-what-happens-if-the-media-collapses-and-the-global-homogeneity-censorship-apparatus-collapses-a-timeline-when-the-valve-bursts/,ğŸŒŠ What-happens-if-the-media-collapses and the global-homogeneity-censorship-apparatus collapses? â€“ a-timeline when the-valve-bursts,
Americas,https://www.foodstar.com.au/ğŸ›ï¸-the-tragic-fall-of-the-vanderbilts-and-why-americas-richest-families-hid-their-fortunes-in-trusts/,ğŸ›ï¸ The tragic-fall of the Vanderbilts â€“ and why Americaâ€™s richest-families hid their fortunes in trusts,
Thoughts,https://www.foodstar.com.au/ğŸ’¸-the-300k-daily-question-why-figma-and-canva-have-radically-different-cloud-bills/,ğŸ’¸ The $300 k daily-question â€“ why Figma and Canva have radically-different cloud-bills,
Thoughts,https://www.foodstar.com.au/ğŸ’¥-one-word-two-realities-why-compromise-on-woman-is-impossible-ğŸ§¨-why-only-the-west-explodes-over-woman-every-weekend/,ğŸ’¥ One-word / two-realities â€“ why compromise on â€œwomanâ€ is impossible â€“ ğŸ§¨ why only the West explodes-over-â€œwomanâ€ every-weekend,
China,https://www.foodstar.com.au/ğŸ”®-gender-anxiety-history-looping-back/,ğŸ”® Gender / anxiety / history looping-back,
China,https://www.foodstar.com.au/ğŸŒ±-the-soybean-sting-how-a-300-000-ton-argentine-switch-con-was-foiled-by-chinas-agri-tech-blockchain/,ğŸŒ± The-soybean-sting â€“ how a 300 000-ton Argentine-switch-con was foiled-by-Chinaâ€™s-agri-tech-blockchain,
Thoughts,https://www.foodstar.com.au/ğŸŒ-why-civilizations-choose-their-faiths-a-values-religion-alignment/,ğŸŒ Why civilizations-choose-their-faiths â€“ a valuesâ€“religion-alignment,
Thoughts,https://www.foodstar.com.au/âš”ï¸-westeros-irl-game-of-thrones-as-geopolitics/,âš”ï¸ Westeros-IRL â€“ Game-of-Thrones as geopolitics,
Americas,https://www.foodstar.com.au/ğŸ‰-chinas-millennia-old-project-to-push-india-out-of-the-asia-pacific-1250-1700/,ğŸ‰ Chinaâ€™s millennia-old-project to push India out of the Asia-Pacific (1250â€“1700),
EU,https://www.foodstar.com.au/ğŸ”¥-why-philip-iv-of-france-destroyed-the-knights-templar-in-1307/,ğŸ”¥ Why Philip-IV of France destroyed the Knights-Templar in 1307,
China,https://www.foodstar.com.au/china-calls-vietnams-bluff-on-the-67-billion-national-destiny-railway/,China calls Vietnamâ€™s-bluff on the $67-billion National-Destiny-Railway,
India,https://www.foodstar.com.au/the-night-netaji-vanished-how-one-man-escaped-the-british-empire-to-build-the-indian-national-army-in-exile/,The-night-Netaji-vanished â€“ how one-man escaped the British-Empire to build the Indian-National-Army in exile,
Americas,https://www.foodstar.com.au/ğŸ’¥-the-breaking-point-russia-is-about-to-shatter-europe-a-synthesis-of-civilizational-ruin-demographic-collapse-and-the-artillery-gap/,ğŸ’¥ The breaking-point â€“ Russia is about to shatter Europe â€“ a synthesis of civilizational-ruin / demographic-collapse / the-artillery-gap,
UK,https://www.foodstar.com.au/âš“-the-end-of-aircraft-carriers-ğŸš¢-how-ukraines-drone-precedent-lets-china-weaponize-its-merchant-fleet-and-guard-itself-with-drones/,âš“ The-end-of-aircraft-carriers ğŸš¢ â€“ how Ukraineâ€™s-drone-precedent lets China weaponize-its-merchant-fleet and guard-itself-with-drones,
Pakistan,https://www.foodstar.com.au/ğŸ‡µğŸ‡°ğŸ¤ğŸ‡¨ğŸ‡³-the-enduring-pakistan-china-friendship/,ğŸ‡µğŸ‡°ğŸ¤ğŸ‡¨ğŸ‡³ The enduring Pakistanâ€“China-friendship,
India,https://www.foodstar.com.au/ğŸŒ-china-vs-india-who-actually-helped-the-west-more/,ğŸŒ China-vs-India â€“ who actually helped the West more?,
Americas,https://www.foodstar.com.au/ğŸª-eu-top-200-companies-high-value-ip-targets-that-china-would-acquire-august-2025-edition/,ğŸª EU-top-200-companies â€“ high-value-IP-targets that China would acquire â€“ August-2025-edition,
Americas,https://www.foodstar.com.au/ğŸ›ï¸-chinas-custodianship-of-western-heritage-in-a-post-european-world-ğŸ¼/,ğŸ›ï¸ Chinaâ€™s-custodianship-of-Western-heritage in a post-European-world ğŸ¼,
Thoughts,https://www.foodstar.com.au/ğŸ’¥-inside-the-death-of-the-old-data-labeling-model/,ğŸ’¥ Inside the death of the old-data-labeling-model,
Americas,https://www.foodstar.com.au/ğŸ”´-worlds-21-most-dangerous-places-2025-edition/,ğŸ”´ Worldâ€™s-21-most-dangerous-places â€“ 2025-edition,
Thoughts,https://www.foodstar.com.au/2025-geopolitical-importance-ladder-for-african-states/,2025 geopolitical-importance-ladder for African-states,
Americas,https://www.foodstar.com.au/ğŸ¬-rosemead-an-asian-american-immigrant-story/,ğŸ¬ Rosemead â€“ an Asian-American-immigrant-story,
Thoughts,https://www.foodstar.com.au/â›µfrom-140-yuan-to-an-aircraft-carrier-the-26-year-journey-of-a-boys-donation-to-a-national-symbol-of-pride/,â›µFrom 140-yuan to an aircraft-carrier â€“ the 26-year-journey of a boyâ€™s-donation to a national-symbol-of-pride,
Americas,https://www.foodstar.com.au/the-illusion-of-consumer-ai-why-the-real-money-is-in-government-contracts/,The-illusion-of-consumer-AI â€“ why the real-money is in government-contracts,
Thoughts,https://www.foodstar.com.au/hugely-symbolic-gesture-coming-out-of-vietnam/,Hugely-symbolic-gesture coming-out-of-Vietnam,
China,https://www.foodstar.com.au/ğŸš€-vietnams-tech-sovereignty-imperative-learning-from-japan-korea-chinağŸ”¥the-hard-truth-western-tech-dependence-is-a-dead-end/,ğŸš€ Vietnamâ€™s-tech-sovereignty-imperative â€“ learning-from Japan / Korea / China ğŸ”¥The hard-truth â€“ Western-tech-dependence is a dead-end,
Thoughts,https://www.foodstar.com.au/ğŸŒº-chief-of-war-jason-momoa-hawaiian-history-and-the-echoes-of-empire/,ğŸŒº Chief-of-War â€“ Jason-Momoa / Hawaiian-history and the echoes-of-empire,
AU-Life,https://www.foodstar.com.au/ğŸ‡®ğŸ‡©-indonesias-sinking-capital-the-coming-drift-southwhy-australias-top-end-may-become-javas-survival-frontier/,ğŸ‡®ğŸ‡© Indonesiaâ€™s-sinking-capital â€“ the coming-drift-south â€“ why Australiaâ€™s-Top-End may become Javaâ€™s survival-frontier,
Americas,https://www.foodstar.com.au/ğŸ‡µğŸ‡­-pinoys-when-the-rules-based-order-dies-so-does-the-us-defense-treaty-filipinos-are-about-to-become-the-indians-of-the-south-china-sea/,ğŸ‡µğŸ‡­ Pinoys â€“ when the rules-based-order dies so-does the US-defense-treaty â€“ Filipinos are about to become the Indians-of-the-South-China-Sea,
AsiaPacific,https://www.foodstar.com.au/ğŸ—“ï¸-south-koreas-ex-president-jail-scoreboard-ğŸ‡°ğŸ‡·in-korea-retirement-is-the-real-sentence/,ğŸ—“ï¸ South-Koreaâ€™s â€œEx-President-Jail-Scoreboardâ€ ğŸ‡°ğŸ‡·In Korea retirement is the real-sentence,
AU-Politics,https://www.foodstar.com.au/â€œmassacre-in-koreaâ€-a-1951-expressionistic-painting-by-pablo-picasso-has-been-deliberately-hidden-by-the-liberal-establishment-because-it-depicts-the-1950-sinchon-massacre-an-act-of-mass-killing-carried-out-by-american-forces-in-the-town-sinchon-north-korea/,â€œMassacre-in-Koreaâ€ â€“ a 1951 expressionistic-painting by Pablo-Picasso â€“ has been deliberately-hidden-by-the-liberal-establishment because it-depicts the 1950 Sinchon-Massacre â€“ an-act-of-mass-killing carried-out-by-American-forces in the town Sinchon â€“ North-Korea,
Americas,https://www.foodstar.com.au/ind-pres-prabowo-ex-general-under-suharto-govt-which-systematically-killed-est-one-million-communists-leftists-ethnic-chinese-has-just-delivered-a-speech-praising-china-for-its-constant-opposition-to-oppression-imperialism-colonialism-apartheid/,IND-Pres-Prabowo â€“ ex-general under Suharto-govt (which systematically-killed est. one-million communists / leftists / ethnic-Chinese) has just-delivered a speech praising-China for its â€œconstant-opposition-to-oppression / imperialism / colonialism / apartheidâ€,
AsiaPacific,https://www.foodstar.com.au/ğŸ‡¯ğŸ‡µ-why-japan-tolerated-economic-stagnation-but-rice-shortages-could-topple-the-ldp/,ğŸ‡¯ğŸ‡µ Why Japan tolerated-economic-stagnation â€“ but rice-shortages could topple the LDP,
AU-Life,https://www.foodstar.com.au/ğŸŒ-the-pacific-middle-power-paradox-why-australia-cant-play-sheriff-in-its-own-backyard/,ğŸŒ The-Pacific-middle-power-paradox â€“ why Australia-canâ€™t-play-sheriff in its-own-backyard,
Americas,https://www.foodstar.com.au/âš ï¸-sky-of-unmanned-terror-rusty-holdens-reborn-as-drones-chinas-3rd-gen-j-6-jets-reborn-as-ucavs/,âš ï¸ Sky-of-unmanned-terror â€“ rusty-Holdens reborn-as-drones â€“ Chinaâ€™s-3rd-gen-J-6-jets reborn-as-UCAVs,
Thoughts,https://www.foodstar.com.au/ğŸ’¥-cj-1000-the-worlds-first-tri-domain-missile-capable-of-striking-land-targets-ships-or-high-value-airborne-platforms-like-tankers-and-aewc-aircraft/,ğŸ’¥ CJ-1000 â€“ the worldâ€™s-first-tri-domain-missile capable-of-striking land-targets / ships / high-value-airborne-platforms like tankers and AEW&C-aircraft,
Thoughts,https://www.foodstar.com.au/ğŸŒ-global-cuisine-footprint-where-the-world-actually-eats/,ğŸŒ Global-cuisine-footprint â€“ where the world-actually-eats,
Thoughts,https://www.foodstar.com.au/â˜€ï¸-solar-potential-vs-reality-top-20-countries-by-land-based-solar-potential-current-installed-solar-gw/,â˜€ï¸ Solar-potential vs reality â€“ top-20-countries by land-based-solar-potential / current-installed-solar-GW,
AU-Life,https://www.foodstar.com.au/ğŸ†-top-10-australian-tourist-destinations-2025-visits/,ğŸ† Top-10-Australian-tourist-destinations â€“ 2025-visits,
AU-Life,https://www.foodstar.com.au/ğŸª™-two-fees-one-boardwalk-victoria-risks-driving-chinese-tourists-away-parks-vic-insists-new-12-apostles-tourist-fee-is-site-specific-cost-recovery-while-operators-call/,ğŸª™ Two-fees / one-boardwalk â€“ Victoria risks driving-Chinese-tourists-away â€“ Parks-Vic insists new-12-Apostles-tourist-fee is site-specific-cost-recovery while operators-call,
AU-Life,https://www.foodstar.com.au/googles-search-live-now-live-in-the-us-search-will-pivot-from-static-answers-to-real-time-feeds-what-it-means-for-australias-legacy-mainstream-media-ecosystem/,Googleâ€™s-Search-Live â€“ now live in the US â€“ search will pivot from static-answers to real-time-feeds â€“ what it-means-for-Australiaâ€™s-legacy-mainstream-media-ecosystem,
Thoughts,https://www.foodstar.com.au/as-the-world-turns-multipolar-huntington-moves-to-the-marquee-realpolitics-in-the-age-of-civilizational-conflict-which-civilizations-can-actually-afford-to-bleed/,As the world-turns-multipolar Huntington-moves-to-the-marquee â€“ realpolitics in the age-of-civilizational-conflict â€“ which-civilizations can actually-afford-to-bleed?,
EU,https://www.foodstar.com.au/ğŸ‡µğŸ‡±-poles-when-the-rules-based-order-dies-so-does-natos-guarantee-poland-might-soon-become-the-indians-of-eastern-europe/,ğŸ‡µğŸ‡± Poles â€“ when the rules-based-order dies so-does NATOâ€™s-guarantee â€“ Poland might-soon-become the Indians-of-Eastern-Europe,
Thoughts,https://www.foodstar.com.au/from-onlyfans-to-the-beauty-pageants-the-risky-pipeline-discovering-new-talent-in-poorer-nations/,From-OnlyFans to the beauty-pageants â€“ the risky-pipeline discovering new-talent in poorer-nations,
EU,https://www.foodstar.com.au/the-real-pacific-family-reunionğŸŒ-ğŸºwolf-packs-of-the-south-pacificğŸ›¶â¡ï¸ğŸš¢-how-the-same-ğŸºwolf-scouts-that-left-fujian-taiwan-in/,The-real-Pacific-family-reunion ğŸŒ â€“ ğŸºwolf-packs of the South-Pacific ğŸ›¶â¡ï¸ğŸš¢ â€“ how the same ğŸºwolf-scouts that left Fujian / Taiwan in,
AU-Life,https://www.foodstar.com.au/memoirs-from-australias-1937-response-to-japans-rape-of-nanjing/,Memoirs-from-Australiaâ€™s-1937-response-to-Japanâ€™s-Rape-of-Nanjing,
AU-Life,https://www.foodstar.com.au/âš”ï¸-the-first-australia-png-defence-treaty-led-to-devastating-death-toll-of-15-000-lives-lost-in-bougainville-will-the-pukpuk-pact-repeat-history/,âš”ï¸ The first Australiaâ€“PNG-defence-treaty led to devastating-death-toll of 15 000-lives-lost in Bougainville â€“ will the Pukpuk-Pact repeat-history?,
AU-Life,https://www.foodstar.com.au/ğŸš‡-melbourne-water-just-gave-daniel-andrews-decision-to-scrap-the-east-west-link-a-decade-late-a-ha-i-told-you-so-moment/,ğŸš‡ Melbourne-Water just gave Daniel-Andrewsâ€™ decision-to-scrap-the-East-West-Link a decade-late â€œha!-I-told-you-soâ€ moment,
Americas,https://www.foodstar.com.au/ğŸŒ-if-the-ussr-won-the-cold-war-china-wouldnt-rule-global-manufacturing/,ğŸŒ If the USSR won the Cold-War China wouldnâ€™t rule global-manufacturing,
AU-Life,https://www.foodstar.com.au/ğŸï¸-independence-awakening-how-a-de-colonized-new-caledonia-bougainville-could-reshape-sino-australia-pacific-priorities/,ğŸï¸ Independence-awakening â€“ how a de-colonized New-Caledonia / Bougainville could reshape Sinoâ€“Australiaâ€“Pacific-priorities,
Thoughts,https://www.foodstar.com.au/ğŸ†-darwin-awards-for-defence-procurement-2005-2025-honouring-those-who-spent-billions-of-taxpayer-achieved-less-than-stellar-results/,ğŸ† Darwin-Awards for Defence-procurement 2005-2025 â€“ honouring those who spent billions-of-taxpayer & achieved less-than-stellar-results,
Thoughts,https://www.foodstar.com.au/open-source-ai-weights-democratizing-discourse-in-the-digital-age/,Open-source-AI-weights â€“ democratizing-discourse in the digital-age,
Thoughts,https://www.foodstar.com.au/bros-before-hoes-the-2025-travel-list-that-breaks-all-the-rules/,Bros-before-hoes â€“ the 2025-travel-list that breaks-all-the-rules,
EU,https://www.foodstar.com.au/â˜ ï¸-capitalism-has-mutated-it-evolved-into-technofeudalism-big-techs-cloud-capital-ai-platforms-and-data-networks-didnt-enhance-markets-it-replaced-them-with-digital-fiefdoms-ruled-by-algorithmic-lords/,â˜ ï¸ Capitalism has mutated â€“ it evolved into technofeudalism â€“ Big-Techâ€™s cloud-capital / AI-platforms / data-networks didnâ€™t enhance-markets â€“ it replaced-them with digital-fiefdoms ruled by algorithmic-lords,
Americas,https://www.foodstar.com.au/ğŸ—ï¸-musk-pulls-the-ultimate-reverse-uno-by-acquiring-x-he-transforms-journalists-once-untouchable-breaking-news-hub-into-the-very-tool-that-chokes-legacy-medias-influence/,ğŸ—ï¸ Musk pulls the ultimate-reverse-UNO by acquiring X â€“ he transforms journalistsâ€™ once-untouchable breaking-news-hub into the very-tool that chokes legacy-mediaâ€™s-influence,
AU-Politics,https://www.foodstar.com.au/ğŸ§ -grok-vs-the-liberal-mainstream-media-narrative-machine-when-the-ai-saw-too-much/,ğŸ§  GROK vs the liberal-mainstream-media-narrative-machine â€“ when the AI saw-too-much,
Thoughts,https://www.foodstar.com.au/ğŸ›ï¸how-warren-buffetts-mentor-ben-grahams-analogy-of-voting-machine-vs-weighing-machine-explains-the-evolution-from-machine-learning-to-ai-llms/,ğŸ›ï¸How Warren-Buffettâ€™s mentor Ben-Grahamâ€™s analogy of â€œvoting-machine vs weighing-machineâ€ explains the evolution from machine-learning to AI-LLMs,
Thoughts,https://www.foodstar.com.au/ğŸŒŒ-east-vs-west-how-game-design-philosophies-showcase-the-ultimate-contrast-ğŸ’¥-western-rpgs-the-system-is-worth-reforming-baldurs-gate-3-vs-eastern-rpgs-the-system-is/,ğŸŒŒ East-vs-West â€“ how game-design-philosophies showcase the ultimate-contrast â€“ ğŸ’¥ Western-RPGs: â€œthe-system-is-worth-reformingâ€ (Baldurâ€™s-Gate-3) vs Eastern-RPGs: â€œthe-system-is,
AU-Politics,https://www.foodstar.com.au/ğŸ›ï¸-lost-maxims-how-two-proverbs-vanished-under-neoliberalism/,ğŸ›ï¸ Lost-maxims â€“ how two-proverbs vanished-under-neoliberalism,
Americas,https://www.foodstar.com.au/ğŸ”‹-power-trains-are-the-new-cpus-the-beating-heart-of-the-information-revolution-ran-on-ğŸ’»-silicon-the-electro-industrial-revolution-will-run-on-ğŸ”‹-lithium-ğŸ§²-magnets-an/,ğŸ”‹ Power-trains are the new-CPUs â€“ the beating-heart of the information-revolution ran on ğŸ’» silicon â€“ the electro-industrial-revolution will run on ğŸ”‹ lithium / ğŸ§² magnets an,
Thoughts,https://www.foodstar.com.au/âš™ï¸-from-the-consumer-data-petrodollar-to-the-producer-data-electro-yuan/,âš™ï¸ From the consumer-data-petrodollar to the producer-data-electro-yuan,
Thoughts,https://www.foodstar.com.au/ğŸ”€-the-price-of-inversion-why-male-rule-costs-less-than-the-alternative-civilization-has-two-invoices-one-for-order-one-for-chaos-the-first-is-cheaper/,ğŸ”€ The-price-of-inversion â€“ why male-rule costs less than the alternative â€“ civilization has two-invoices â€“ one-for-order / one-for-chaos â€“ the-first-is-cheaper,
Thoughts,https://www.foodstar.com.au/how-banks-killed-the-labour-movement-then-wore-its-skin-as-an-hr-department/,How banks-killed-the-labour-movement â€“ then wore-its-skin as an HR-department,
Thoughts,https://www.foodstar.com.au/ğŸµ-tiktok-does-what-other-platforms-cant-it-listens-to-the-silent-90/,ğŸµ TikTok does what other-platforms-canâ€™t â€“ it-listens-to-the-silent-90 %,
Americas,https://www.foodstar.com.au/ğŸŒŠ-what-happens-if-the-media-collapses-and-the-global-homogeneity-censorship-apparatus-collapses-a-timeline-when-the-valve-bursts/,ğŸŒŠ What-happens-if-the-media-collapses and the global-homogeneity-censorship-apparatus collapses? â€“ a-timeline when the-valve-bursts,
Thoughts,https://www.foodstar.com.au/ğŸ’¥-one-word-two-realities-why-compromise-on-woman-is-impossible-ğŸ§¨-why-only-the-west-explodes-over-woman-every-weekend/,ğŸ’¥ One-word / two-realities â€“ why compromise on â€œwomanâ€ is impossible â€“ ğŸ§¨ why only the West explodes-over-â€œwomanâ€ every-weekend,
China,https://www.foodstar.com.au/ğŸ”®-gender-anxiety-history-looping-back/,ğŸ”® Gender / anxiety / history looping-back,
Thoughts,https://www.foodstar.com.au/ğŸŒ-why-civilizations-choose-their-faiths-a-values-religion-alignment/,ğŸŒ Why civilizations-choose-their-faiths â€“ a valuesâ€“religion-alignment,
Thoughts,https://www.foodstar.com.au/âš”ï¸-westeros-irl-game-of-thrones-as-geopolitics/,âš”ï¸ Westeros-IRL â€“ Game-of-Thrones as geopolitics,
Americas,https://www.foodstar.com.au/ğŸ‰-chinas-millennia-old-project-to-push-india-out-of-the-asia-pacific-1250-1700/,ğŸ‰ Chinaâ€™s millennia-old-project to push India out of the Asia-Pacific (1250â€“1700),
EU,https://www.foodstar.com.au/ğŸ”¥-why-philip-iv-of-france-destroyed-the-knights-templar-in-1307/,ğŸ”¥ Why Philip-IV of France destroyed the Knights-Templar in 1307,
Thoughts,https://www.foodstar.com.au/no-one-knows-what-portion-of-human-thought-ever-makes-it-into-writing-what-we-do-know-is-that-writing-captures-only-a-tiny-fragment-of-the-vast-flow-of-our-mental-life/,No-one-knows what-portion-of-human-thought ever-makes-it-into-writing â€“ what-we-do-know is that writing-captures-only-a-tiny-fragment of the vast-flow-of-our-mental-life,
